data,target,prediction,prob_0,prob_1,prob_2,prob_3,prob_4
..\KneeXrayData\ClsKLData\kneeKL224\test\0\9003175L.png,0,4,0.20770852,0.18863139,0.20320688,0.18748233,0.21297091
..\KneeXrayData\ClsKLData\kneeKL224\test\0\9003175R.png,0,4,0.21068774,0.19012147,0.20257589,0.18487534,0.21173953
..\KneeXrayData\ClsKLData\kneeKL224\test\0\9003316L.png,0,0,0.21273115,0.19227532,0.20158859,0.18170425,0.21170071
..\KneeXrayData\ClsKLData\kneeKL224\test\0\9003815L.png,0,4,0.21035853,0.19018522,0.20258713,0.18499368,0.21187541
..\KneeXrayData\ClsKLData\kneeKL224\test\0\9003815R.png,0,4,0.20325008,0.18617305,0.2039293,0.19161737,0.2150302
..\KneeXrayData\ClsKLData\kneeKL224\test\0\9004184R.png,0,0,0.21223179,0.1913009,0.20193173,0.1830633,0.21147227
..\KneeXrayData\ClsKLData\kneeKL224\test\0\9006407L.png,0,4,0.21114689,0.19008824,0.20253909,0.18502468,0.21120113
..\KneeXrayData\ClsKLData\kneeKL224\test\0\9009927L.png,0,4,0.20227528,0.18567461,0.20412168,0.19289306,0.21503535
..\KneeXrayData\ClsKLData\kneeKL224\test\0\9009957L.png,0,4,0.20752114,0.18868223,0.20324168,0.18748587,0.21306907
..\KneeXrayData\ClsKLData\kneeKL224\test\0\9010308L.png,0,4,0.20948234,0.18961754,0.20283012,0.18585739,0.21221259
..\KneeXrayData\ClsKLData\kneeKL224\test\0\9010308R.png,0,4,0.20454432,0.18629378,0.2041806,0.19110993,0.21387142
..\KneeXrayData\ClsKLData\kneeKL224\test\0\9013941L.png,0,4,0.20076302,0.18416771,0.20463426,0.19500253,0.21543239
..\KneeXrayData\ClsKLData\kneeKL224\test\0\9013941R.png,0,4,0.18214145,0.17201461,0.20479472,0.21715747,0.2238918
..\KneeXrayData\ClsKLData\kneeKL224\test\0\9015718R.png,0,4,0.20917022,0.18880054,0.20313102,0.18697074,0.21192749
..\KneeXrayData\ClsKLData\kneeKL224\test\0\9017419R.png,0,0,0.2121728,0.1913042,0.20195769,0.18314731,0.21141794
..\KneeXrayData\ClsKLData\kneeKL224\test\0\9021428R.png,0,4,0.20872054,0.1885227,0.2033127,0.18743914,0.21200494
..\KneeXrayData\ClsKLData\kneeKL224\test\0\9022408L.png,0,0,0.21265197,0.19202706,0.20166133,0.18205136,0.21160832
..\KneeXrayData\ClsKLData\kneeKL224\test\0\9023784L.png,0,4,0.20812108,0.18830007,0.20338432,0.1877532,0.21244127
..\KneeXrayData\ClsKLData\kneeKL224\test\0\9023784R.png,0,4,0.19593026,0.18184428,0.20468472,0.19943255,0.21810816
..\KneeXrayData\ClsKLData\kneeKL224\test\0\9023935L.png,0,4,0.20907316,0.18942612,0.20291454,0.18605942,0.21252678
..\KneeXrayData\ClsKLData\kneeKL224\test\0\9023935R.png,0,4,0.21083713,0.18983072,0.20265147,0.18546063,0.21122009
..\KneeXrayData\ClsKLData\kneeKL224\test\0\9024409L.png,0,4,0.19997415,0.18410327,0.2046377,0.19546252,0.21582231
..\KneeXrayData\ClsKLData\kneeKL224\test\0\9024409R.png,0,4,0.20188388,0.18504404,0.20428862,0.19348535,0.21529815
..\KneeXrayData\ClsKLData\kneeKL224\test\0\9028786L.png,0,0,0.2116592,0.19080059,0.20221378,0.18396086,0.21136557
..\KneeXrayData\ClsKLData\kneeKL224\test\0\9030418L.png,0,0,0.21340677,0.19329637,0.2011451,0.18004617,0.21210563
..\KneeXrayData\ClsKLData\kneeKL224\test\0\9030418R.png,0,0,0.21305168,0.19276348,0.20137545,0.18093422,0.2118752
..\KneeXrayData\ClsKLData\kneeKL224\test\0\9035779L.png,0,0,0.2121957,0.191287,0.20196521,0.18313253,0.21141955
..\KneeXrayData\ClsKLData\kneeKL224\test\0\9035779R.png,0,0,0.21242586,0.19158801,0.20186025,0.18260759,0.21151833
..\KneeXrayData\ClsKLData\kneeKL224\test\0\9043461L.png,0,0,0.21146557,0.19054598,0.20231509,0.18437272,0.2113006
..\KneeXrayData\ClsKLData\kneeKL224\test\0\9043461R.png,0,4,0.2097789,0.18906966,0.203042,0.18663958,0.21146987
..\KneeXrayData\ClsKLData\kneeKL224\test\0\9047539L.png,0,4,0.21141699,0.19070823,0.20225424,0.18406302,0.21155757
..\KneeXrayData\ClsKLData\kneeKL224\test\0\9047539R.png,0,0,0.21146567,0.19062613,0.20230627,0.18424258,0.21135935
..\KneeXrayData\ClsKLData\kneeKL224\test\0\9048308L.png,0,4,0.20300469,0.18619865,0.20385595,0.19192159,0.21501917
..\KneeXrayData\ClsKLData\kneeKL224\test\0\9048308R.png,0,4,0.2110067,0.19006535,0.2025373,0.18506452,0.21132612
..\KneeXrayData\ClsKLData\kneeKL224\test\0\9049447R.png,0,0,0.21346058,0.19312978,0.20118146,0.1800398,0.21218836
..\KneeXrayData\ClsKLData\kneeKL224\test\0\9055361L.png,0,4,0.20068857,0.18458301,0.20440981,0.19452691,0.21579172
..\KneeXrayData\ClsKLData\kneeKL224\test\0\9059837R.png,0,0,0.21424824,0.1945209,0.20060292,0.1779221,0.21270588
..\KneeXrayData\ClsKLData\kneeKL224\test\0\9062161L.png,0,4,0.18274325,0.1721697,0.2047953,0.21628055,0.22401121
..\KneeXrayData\ClsKLData\kneeKL224\test\0\9062161R.png,0,4,0.20450056,0.18602498,0.20427512,0.19142088,0.2137785
..\KneeXrayData\ClsKLData\kneeKL224\test\0\9066155L.png,0,4,0.19360207,0.17979911,0.20466202,0.20202684,0.2199099
..\KneeXrayData\ClsKLData\kneeKL224\test\0\9067811L.png,0,4,0.20818166,0.18905401,0.20305869,0.18682206,0.21288356
..\KneeXrayData\ClsKLData\kneeKL224\test\0\9067811R.png,0,4,0.21016364,0.18939549,0.20287246,0.18614218,0.21142618
..\KneeXrayData\ClsKLData\kneeKL224\test\0\9070290L.png,0,4,0.21140103,0.19070846,0.20228711,0.18412916,0.21147421
..\KneeXrayData\ClsKLData\kneeKL224\test\0\9070290R.png,0,4,0.21001443,0.18979082,0.20273742,0.18552041,0.21193689
..\KneeXrayData\ClsKLData\kneeKL224\test\0\9070903L.png,0,0,0.21225514,0.19134592,0.20194069,0.18298984,0.21146844
..\KneeXrayData\ClsKLData\kneeKL224\test\0\9074232L.png,0,0,0.21209219,0.19113746,0.20203355,0.18334317,0.21139362
..\KneeXrayData\ClsKLData\kneeKL224\test\0\9074232R.png,0,0,0.21233433,0.19145176,0.20188743,0.18284091,0.21148556
..\KneeXrayData\ClsKLData\kneeKL224\test\0\9078889L.png,0,4,0.20190415,0.18536909,0.20411041,0.19343105,0.21518525
..\KneeXrayData\ClsKLData\kneeKL224\test\0\9078889R.png,0,4,0.2081399,0.18844756,0.2033559,0.18772438,0.21233225
..\KneeXrayData\ClsKLData\kneeKL224\test\0\9081858L.png,0,4,0.19045678,0.17749289,0.20513177,0.2060689,0.2208496
..\KneeXrayData\ClsKLData\kneeKL224\test\0\9081858R.png,0,0,0.2116194,0.19071695,0.20225525,0.18401495,0.21139348
..\KneeXrayData\ClsKLData\kneeKL224\test\0\9081879L.png,0,4,0.2111487,0.19026563,0.20246336,0.18480319,0.21131912
..\KneeXrayData\ClsKLData\kneeKL224\test\0\9081879R.png,0,4,0.21049169,0.1895356,0.2027821,0.185927,0.21126363
..\KneeXrayData\ClsKLData\kneeKL224\test\0\9082631R.png,0,4,0.19339995,0.17966226,0.20545852,0.20281795,0.21866134
..\KneeXrayData\ClsKLData\kneeKL224\test\0\9083378L.png,0,4,0.20283,0.18623134,0.20387384,0.1919945,0.21507028
..\KneeXrayData\ClsKLData\kneeKL224\test\0\9083378R.png,0,4,0.20094377,0.18416505,0.2046248,0.1949301,0.21533626
..\KneeXrayData\ClsKLData\kneeKL224\test\0\9088396L.png,0,4,0.21082807,0.1901426,0.20255081,0.18496528,0.21151328
..\KneeXrayData\ClsKLData\kneeKL224\test\0\9088396R.png,0,4,0.20618197,0.18728471,0.20378146,0.18954983,0.213202
..\KneeXrayData\ClsKLData\kneeKL224\test\0\9088841L.png,0,4,0.18864134,0.17611894,0.2051909,0.20857254,0.22147632
..\KneeXrayData\ClsKLData\kneeKL224\test\0\9088841R.png,0,4,0.20914242,0.18861222,0.20321879,0.18716955,0.21185698
..\KneeXrayData\ClsKLData\kneeKL224\test\0\9090860L.png,0,4,0.18236512,0.17189896,0.20484065,0.21689439,0.2240009
..\KneeXrayData\ClsKLData\kneeKL224\test\0\9090860R.png,0,4,0.18077877,0.1708893,0.20474812,0.21915981,0.22442403
..\KneeXrayData\ClsKLData\kneeKL224\test\0\9093622L.png,0,4,0.19079182,0.17741546,0.20515296,0.20618412,0.22045562
..\KneeXrayData\ClsKLData\kneeKL224\test\0\9094783R.png,0,0,0.21184441,0.19092396,0.20213181,0.1837658,0.21133399
..\KneeXrayData\ClsKLData\kneeKL224\test\0\9097360L.png,0,4,0.20914868,0.18874675,0.20318028,0.18690872,0.21201557
..\KneeXrayData\ClsKLData\kneeKL224\test\0\9097360R.png,0,4,0.21080321,0.18999217,0.2025969,0.1850175,0.21159023
..\KneeXrayData\ClsKLData\kneeKL224\test\0\9099363R.png,0,4,0.21070269,0.19008324,0.20255862,0.18498573,0.21166971
..\KneeXrayData\ClsKLData\kneeKL224\test\0\9099785R.png,0,0,0.21193705,0.19106048,0.20208223,0.18348038,0.21143985
..\KneeXrayData\ClsKLData\kneeKL224\test\0\9100699L.png,0,4,0.20417689,0.18685666,0.20375088,0.19079176,0.2144238
..\KneeXrayData\ClsKLData\kneeKL224\test\0\9100699R.png,0,4,0.20656686,0.18762317,0.20371011,0.18898334,0.21311647
..\KneeXrayData\ClsKLData\kneeKL224\test\0\9115033L.png,0,4,0.20206624,0.18548158,0.20407063,0.19322523,0.21515635
..\KneeXrayData\ClsKLData\kneeKL224\test\0\9115033R.png,0,4,0.20335843,0.18549626,0.20454653,0.19240266,0.21419615
..\KneeXrayData\ClsKLData\kneeKL224\test\0\9116147L.png,0,0,0.21444237,0.19435884,0.20066375,0.17774111,0.21279392
..\KneeXrayData\ClsKLData\kneeKL224\test\0\9130362L.png,0,0,0.21491857,0.19543052,0.2001975,0.17629306,0.21316035
..\KneeXrayData\ClsKLData\kneeKL224\test\0\9130362R.png,0,0,0.21464089,0.19508743,0.20035426,0.17693566,0.21298173
..\KneeXrayData\ClsKLData\kneeKL224\test\0\9135902L.png,0,4,0.20565897,0.18689084,0.2039638,0.19030145,0.21318497
..\KneeXrayData\ClsKLData\kneeKL224\test\0\9135902R.png,0,4,0.2065848,0.1878271,0.20358004,0.18875505,0.21325302
..\KneeXrayData\ClsKLData\kneeKL224\test\0\9137709L.png,0,0,0.21223125,0.1913298,0.20195559,0.18301517,0.21146819
..\KneeXrayData\ClsKLData\kneeKL224\test\0\9137709R.png,0,0,0.21185777,0.19092536,0.2021376,0.18360543,0.21147381
..\KneeXrayData\ClsKLData\kneeKL224\test\0\9139557L.png,0,4,0.20802072,0.18817103,0.20350493,0.18797106,0.21233228
..\KneeXrayData\ClsKLData\kneeKL224\test\0\9140556L.png,0,0,0.21537474,0.19570053,0.20010725,0.17538089,0.21343662
..\KneeXrayData\ClsKLData\kneeKL224\test\0\9140556R.png,0,0,0.21541914,0.1957927,0.2000654,0.17526147,0.21346131
..\KneeXrayData\ClsKLData\kneeKL224\test\0\9143031L.png,0,4,0.2034612,0.18632723,0.2039069,0.19167422,0.21463044
..\KneeXrayData\ClsKLData\kneeKL224\test\0\9143031R.png,0,4,0.20903963,0.18874717,0.20315394,0.1870943,0.21196494
..\KneeXrayData\ClsKLData\kneeKL224\test\0\9146898R.png,0,0,0.21171105,0.19073257,0.20221214,0.18405807,0.21128611
..\KneeXrayData\ClsKLData\kneeKL224\test\0\9149679R.png,0,0,0.21328075,0.19307947,0.20122355,0.18042508,0.21199113
..\KneeXrayData\ClsKLData\kneeKL224\test\0\9153255L.png,0,4,0.17792745,0.1682836,0.2043735,0.22357464,0.22584082
..\KneeXrayData\ClsKLData\kneeKL224\test\0\9153255R.png,0,4,0.18231104,0.17219451,0.20473115,0.21685013,0.22391316
..\KneeXrayData\ClsKLData\kneeKL224\test\0\9154214L.png,0,4,0.20255531,0.18578765,0.204118,0.19272316,0.21481586
..\KneeXrayData\ClsKLData\kneeKL224\test\0\9154214R.png,0,4,0.2015379,0.18481088,0.20443675,0.19379571,0.21541873
..\KneeXrayData\ClsKLData\kneeKL224\test\0\9154257R.png,0,4,0.21034068,0.18996483,0.20264748,0.18504971,0.21199726
..\KneeXrayData\ClsKLData\kneeKL224\test\0\9155861L.png,0,0,0.21169163,0.19068632,0.20226273,0.18406807,0.21129125
..\KneeXrayData\ClsKLData\kneeKL224\test\0\9155861R.png,0,4,0.21059495,0.1900484,0.20260929,0.18501194,0.2117354
..\KneeXrayData\ClsKLData\kneeKL224\test\0\9156307L.png,0,0,0.21221633,0.1912755,0.20200354,0.183079,0.2114256
..\KneeXrayData\ClsKLData\kneeKL224\test\0\9156307R.png,0,0,0.21240054,0.19155374,0.20190561,0.18258429,0.21155581
..\KneeXrayData\ClsKLData\kneeKL224\test\0\9157453L.png,0,0,0.21229407,0.19188192,0.20179296,0.18233457,0.21169646
..\KneeXrayData\ClsKLData\kneeKL224\test\0\9157453R.png,0,0,0.21239957,0.19174686,0.20179287,0.18255225,0.21150845
..\KneeXrayData\ClsKLData\kneeKL224\test\0\9162458L.png,0,4,0.20840621,0.18901542,0.20311862,0.18690784,0.2125519
..\KneeXrayData\ClsKLData\kneeKL224\test\0\9162458R.png,0,4,0.20452255,0.18644607,0.20413432,0.19100103,0.21389604
..\KneeXrayData\ClsKLData\kneeKL224\test\0\9162770L.png,0,0,0.21411797,0.19411336,0.20073783,0.17844468,0.21258616
..\KneeXrayData\ClsKLData\kneeKL224\test\0\9162770R.png,0,0,0.2135475,0.19332522,0.20109767,0.1798403,0.21218929
..\KneeXrayData\ClsKLData\kneeKL224\test\0\9165552L.png,0,4,0.20685823,0.18786657,0.20355618,0.18870491,0.2130141
..\KneeXrayData\ClsKLData\kneeKL224\test\0\9165552R.png,0,4,0.20765215,0.1880011,0.20335762,0.18840554,0.2125836
..\KneeXrayData\ClsKLData\kneeKL224\test\0\9166468L.png,0,0,0.21371555,0.19372267,0.20095557,0.17929639,0.21230984
..\KneeXrayData\ClsKLData\kneeKL224\test\0\9166468R.png,0,0,0.2134362,0.19324991,0.2011401,0.18009034,0.21208341
..\KneeXrayData\ClsKLData\kneeKL224\test\0\9169499L.png,0,3,0.17192468,0.16339944,0.2026774,0.23365295,0.22834551
..\KneeXrayData\ClsKLData\kneeKL224\test\0\9172581L.png,0,0,0.21174178,0.19079486,0.20223469,0.18393162,0.21129708
..\KneeXrayData\ClsKLData\kneeKL224\test\0\9172581R.png,0,0,0.21155056,0.19059128,0.20230469,0.18420464,0.21134883
..\KneeXrayData\ClsKLData\kneeKL224\test\0\9174582L.png,0,0,0.21174452,0.19076544,0.2021983,0.18399307,0.2112987
..\KneeXrayData\ClsKLData\kneeKL224\test\0\9174582R.png,0,0,0.21195966,0.19110206,0.20207769,0.1834527,0.21140787
..\KneeXrayData\ClsKLData\kneeKL224\test\0\9175275L.png,0,4,0.20567688,0.18912785,0.20285246,0.18685368,0.21548912
..\KneeXrayData\ClsKLData\kneeKL224\test\0\9175275R.png,0,4,0.21078292,0.19141462,0.20209295,0.1828262,0.21288326
..\KneeXrayData\ClsKLData\kneeKL224\test\0\9176200L.png,0,0,0.2131622,0.19293898,0.20128556,0.18065265,0.21196057
..\KneeXrayData\ClsKLData\kneeKL224\test\0\9176200R.png,0,0,0.21253023,0.19198963,0.20171301,0.18218626,0.21158083
..\KneeXrayData\ClsKLData\kneeKL224\test\0\9180105L.png,0,4,0.21001914,0.19058156,0.20245703,0.1843509,0.21259138
..\KneeXrayData\ClsKLData\kneeKL224\test\0\9180105R.png,0,0,0.21153495,0.190875,0.20225328,0.18382953,0.2115072
..\KneeXrayData\ClsKLData\kneeKL224\test\0\9184949L.png,0,4,0.20801106,0.1896927,0.20282996,0.18598866,0.2134776
..\KneeXrayData\ClsKLData\kneeKL224\test\0\9184949R.png,0,4,0.20569025,0.18756871,0.20363839,0.18926817,0.21383452
..\KneeXrayData\ClsKLData\kneeKL224\test\0\9197274L.png,0,0,0.21230388,0.19143653,0.20190094,0.18285954,0.21149915
..\KneeXrayData\ClsKLData\kneeKL224\test\0\9197274R.png,0,0,0.2126458,0.1919006,0.20171458,0.18210718,0.2116318
..\KneeXrayData\ClsKLData\kneeKL224\test\0\9197994L.png,0,4,0.21073934,0.18980399,0.2026732,0.1854308,0.2113527
..\KneeXrayData\ClsKLData\kneeKL224\test\0\9197994R.png,0,4,0.21122229,0.1901806,0.20248601,0.18482646,0.21128461
..\KneeXrayData\ClsKLData\kneeKL224\test\0\9203454L.png,0,0,0.21195264,0.19120948,0.2020504,0.1833757,0.21141176
..\KneeXrayData\ClsKLData\kneeKL224\test\0\9203454R.png,0,4,0.20766929,0.18841898,0.20336157,0.18774205,0.21280806
..\KneeXrayData\ClsKLData\kneeKL224\test\0\9207905L.png,0,0,0.21166247,0.19079232,0.20221412,0.18402092,0.21131018
..\KneeXrayData\ClsKLData\kneeKL224\test\0\9207905R.png,0,4,0.19691157,0.18227273,0.20484011,0.19856495,0.21741062
..\KneeXrayData\ClsKLData\kneeKL224\test\0\9211261R.png,0,4,0.21032447,0.19003928,0.20263693,0.18495438,0.21204498
..\KneeXrayData\ClsKLData\kneeKL224\test\0\9214480R.png,0,4,0.18040714,0.17050132,0.20466295,0.21979919,0.2246294
..\KneeXrayData\ClsKLData\kneeKL224\test\0\9220406L.png,0,0,0.21141204,0.1903046,0.20241114,0.18464532,0.21122685
..\KneeXrayData\ClsKLData\kneeKL224\test\0\9220406R.png,0,0,0.21133003,0.1902306,0.20244989,0.18477954,0.21120992
..\KneeXrayData\ClsKLData\kneeKL224\test\0\9220603L.png,0,4,0.21118444,0.19050702,0.2023792,0.18442202,0.21150726
..\KneeXrayData\ClsKLData\kneeKL224\test\0\9220603R.png,0,4,0.20909068,0.1888067,0.20322244,0.18705934,0.21182081
..\KneeXrayData\ClsKLData\kneeKL224\test\0\9222485L.png,0,0,0.21187258,0.1908932,0.20215398,0.18370113,0.21137911
..\KneeXrayData\ClsKLData\kneeKL224\test\0\9222485R.png,0,0,0.21282887,0.19215274,0.20159662,0.18167101,0.21175078
..\KneeXrayData\ClsKLData\kneeKL224\test\0\9222916L.png,0,4,0.19679737,0.18234122,0.20501089,0.19840917,0.21744138
..\KneeXrayData\ClsKLData\kneeKL224\test\0\9222973L.png,0,4,0.19839391,0.18254536,0.20488566,0.19725385,0.21692125
..\KneeXrayData\ClsKLData\kneeKL224\test\0\9222973R.png,0,4,0.20552579,0.18665878,0.20385656,0.19040143,0.21355745
..\KneeXrayData\ClsKLData\kneeKL224\test\0\9226100L.png,0,4,0.19254787,0.1787416,0.20481595,0.2038926,0.22000198
..\KneeXrayData\ClsKLData\kneeKL224\test\0\9226100R.png,0,0,0.21250394,0.19171663,0.20180719,0.1823647,0.21160758
..\KneeXrayData\ClsKLData\kneeKL224\test\0\9229496L.png,0,4,0.21119143,0.19076462,0.20231174,0.18404287,0.21168935
..\KneeXrayData\ClsKLData\kneeKL224\test\0\9232078R.png,0,0,0.21322161,0.19275144,0.2013458,0.18069066,0.21199048
..\KneeXrayData\ClsKLData\kneeKL224\test\0\9232259L.png,0,0,0.21164662,0.19064867,0.20225698,0.18402597,0.21142176
..\KneeXrayData\ClsKLData\kneeKL224\test\0\9232553L.png,0,4,0.19942825,0.1834796,0.204839,0.19609243,0.21616068
..\KneeXrayData\ClsKLData\kneeKL224\test\0\9232553R.png,0,4,0.18729404,0.17601392,0.20517097,0.20975044,0.22177067
..\KneeXrayData\ClsKLData\kneeKL224\test\0\9234574L.png,0,0,0.21142285,0.19072184,0.20229433,0.18415883,0.21140215
..\KneeXrayData\ClsKLData\kneeKL224\test\0\9234574R.png,0,4,0.20935169,0.18984598,0.20277043,0.18546349,0.21256846
..\KneeXrayData\ClsKLData\kneeKL224\test\0\9236300L.png,0,4,0.2105417,0.18933904,0.20286265,0.18603095,0.21122566
..\KneeXrayData\ClsKLData\kneeKL224\test\0\9239017R.png,0,4,0.21020877,0.18967646,0.20271827,0.1856304,0.21176612
..\KneeXrayData\ClsKLData\kneeKL224\test\0\9242956L.png,0,4,0.21098691,0.18998712,0.20258266,0.18515164,0.2112917
..\KneeXrayData\ClsKLData\kneeKL224\test\0\9242956R.png,0,0,0.2119595,0.19097033,0.2021077,0.1836029,0.21135956
..\KneeXrayData\ClsKLData\kneeKL224\test\0\9243046L.png,0,0,0.21224219,0.19157201,0.20189121,0.18279591,0.21149871
..\KneeXrayData\ClsKLData\kneeKL224\test\0\9243046R.png,0,0,0.21205886,0.19124565,0.20200321,0.18330255,0.21138975
..\KneeXrayData\ClsKLData\kneeKL224\test\0\9244698L.png,0,4,0.1817607,0.17131945,0.2048606,0.21785295,0.2242063
..\KneeXrayData\ClsKLData\kneeKL224\test\0\9244698R.png,0,4,0.18114917,0.17115867,0.20473455,0.21865639,0.22430119
..\KneeXrayData\ClsKLData\kneeKL224\test\0\9252019L.png,0,0,0.21199748,0.19122165,0.20202494,0.18333915,0.21141681
..\KneeXrayData\ClsKLData\kneeKL224\test\0\9252629L.png,0,4,0.20804775,0.18777269,0.20351033,0.18848243,0.21218681
..\KneeXrayData\ClsKLData\kneeKL224\test\0\9252629R.png,0,4,0.21087751,0.18972439,0.20266862,0.18550694,0.21122256
..\KneeXrayData\ClsKLData\kneeKL224\test\0\9253225L.png,0,0,0.21330392,0.19291516,0.20128654,0.18039821,0.21209615
..\KneeXrayData\ClsKLData\kneeKL224\test\0\9253225R.png,0,0,0.2131902,0.19267645,0.2013717,0.1808329,0.21192878
..\KneeXrayData\ClsKLData\kneeKL224\test\0\9253884L.png,0,4,0.19751234,0.18225102,0.20498677,0.1983821,0.21686773
..\KneeXrayData\ClsKLData\kneeKL224\test\0\9253884R.png,0,3,0.17341615,0.1648741,0.20329902,0.23069794,0.22771275
..\KneeXrayData\ClsKLData\kneeKL224\test\0\9254422R.png,0,4,0.2084789,0.1885745,0.20325631,0.18736874,0.21232155
..\KneeXrayData\ClsKLData\kneeKL224\test\0\9255053R.png,0,4,0.19473356,0.18062606,0.20539749,0.20095262,0.21829024
..\KneeXrayData\ClsKLData\kneeKL224\test\0\9255535L.png,0,0,0.21178189,0.19075894,0.20222294,0.1839501,0.21128613
..\KneeXrayData\ClsKLData\kneeKL224\test\0\9255567L.png,0,4,0.18800423,0.17622045,0.20537663,0.20867273,0.22172597
..\KneeXrayData\ClsKLData\kneeKL224\test\0\9255567R.png,0,4,0.19458199,0.1809487,0.2049203,0.20097306,0.21857595
..\KneeXrayData\ClsKLData\kneeKL224\test\0\9260036L.png,0,4,0.20762008,0.18947077,0.20289376,0.18632004,0.21369535
..\KneeXrayData\ClsKLData\kneeKL224\test\0\9260036R.png,0,4,0.20972349,0.19011483,0.20267892,0.18502398,0.21245877
..\KneeXrayData\ClsKLData\kneeKL224\test\0\9261372R.png,0,0,0.21393315,0.19409975,0.20079347,0.17868593,0.2124877
..\KneeXrayData\ClsKLData\kneeKL224\test\0\9261557L.png,0,4,0.18314108,0.172628,0.20477962,0.2154462,0.22400516
..\KneeXrayData\ClsKLData\kneeKL224\test\0\9261557R.png,0,4,0.18845838,0.17677036,0.20504907,0.20831835,0.22140379
..\KneeXrayData\ClsKLData\kneeKL224\test\0\9263025L.png,0,0,0.21247342,0.19180518,0.20176871,0.18235633,0.21159634
..\KneeXrayData\ClsKLData\kneeKL224\test\0\9263153L.png,0,4,0.2107942,0.18962891,0.20270929,0.18560266,0.21126495
..\KneeXrayData\ClsKLData\kneeKL224\test\0\9263153R.png,0,0,0.2118563,0.19076732,0.20221937,0.18380518,0.21135184
..\KneeXrayData\ClsKLData\kneeKL224\test\0\9263652L.png,0,0,0.21154219,0.19041392,0.20234782,0.18443942,0.2112566
..\KneeXrayData\ClsKLData\kneeKL224\test\0\9263652R.png,0,4,0.21072955,0.18971173,0.20266527,0.18548585,0.21140757
..\KneeXrayData\ClsKLData\kneeKL224\test\0\9268509R.png,0,0,0.21131235,0.19017263,0.20247133,0.18485472,0.211189
..\KneeXrayData\ClsKLData\kneeKL224\test\0\9270026L.png,0,4,0.20075896,0.18426171,0.20450169,0.19512923,0.2153484
..\KneeXrayData\ClsKLData\kneeKL224\test\0\9271853R.png,0,4,0.20801654,0.18837014,0.20338371,0.18773712,0.2124925
..\KneeXrayData\ClsKLData\kneeKL224\test\0\9272133L.png,0,0,0.2116185,0.19066748,0.20226234,0.18412733,0.21132436
..\KneeXrayData\ClsKLData\kneeKL224\test\0\9272133R.png,0,0,0.2121138,0.19118586,0.20200145,0.18328886,0.21140999
..\KneeXrayData\ClsKLData\kneeKL224\test\0\9273964R.png,0,0,0.21332198,0.19302654,0.20125216,0.18023407,0.21216527
..\KneeXrayData\ClsKLData\kneeKL224\test\0\9274833L.png,0,4,0.20338866,0.185651,0.20433298,0.19243744,0.21418995
..\KneeXrayData\ClsKLData\kneeKL224\test\0\9283061L.png,0,0,0.21227694,0.19154738,0.20186403,0.18280771,0.21150395
..\KneeXrayData\ClsKLData\kneeKL224\test\0\9283061R.png,0,0,0.21211989,0.19132495,0.20196691,0.183177,0.21141121
..\KneeXrayData\ClsKLData\kneeKL224\test\0\9283486L.png,0,3,0.1720197,0.1635054,0.20272818,0.23345196,0.22829472
..\KneeXrayData\ClsKLData\kneeKL224\test\0\9283486R.png,0,4,0.17986998,0.17008494,0.20460874,0.22056106,0.22487527
..\KneeXrayData\ClsKLData\kneeKL224\test\0\9287295L.png,0,4,0.20845708,0.18925565,0.2029882,0.18634176,0.21295723
..\KneeXrayData\ClsKLData\kneeKL224\test\0\9289921L.png,0,4,0.2107971,0.18987156,0.20261592,0.18531182,0.21140364
..\KneeXrayData\ClsKLData\kneeKL224\test\0\9289921R.png,0,4,0.20918262,0.1887652,0.2030817,0.187087,0.21188349
..\KneeXrayData\ClsKLData\kneeKL224\test\0\9290697R.png,0,0,0.21383433,0.19390403,0.20087127,0.17900667,0.2123837
..\KneeXrayData\ClsKLData\kneeKL224\test\0\9292027L.png,0,4,0.19896278,0.18267512,0.20463371,0.19693238,0.216796
..\KneeXrayData\ClsKLData\kneeKL224\test\0\9292027R.png,0,4,0.21128581,0.1904069,0.20238887,0.18438186,0.21153659
..\KneeXrayData\ClsKLData\kneeKL224\test\0\9299531R.png,0,4,0.19210212,0.17890462,0.20550196,0.2038579,0.2196334
..\KneeXrayData\ClsKLData\kneeKL224\test\0\9300212L.png,0,0,0.21205732,0.1911932,0.20202377,0.18332167,0.21140404
..\KneeXrayData\ClsKLData\kneeKL224\test\0\9300212R.png,0,0,0.21162002,0.19061598,0.20226043,0.18424556,0.21125801
..\KneeXrayData\ClsKLData\kneeKL224\test\0\9302340R.png,0,4,0.18351601,0.17325449,0.20490417,0.2149087,0.22341658
..\KneeXrayData\ClsKLData\kneeKL224\test\0\9307098R.png,0,4,0.20411976,0.18607244,0.20424266,0.19149938,0.21406579
..\KneeXrayData\ClsKLData\kneeKL224\test\0\9308271L.png,0,0,0.21238902,0.19155252,0.20186666,0.18266024,0.21153158
..\KneeXrayData\ClsKLData\kneeKL224\test\0\9308271R.png,0,0,0.21269464,0.19201091,0.20169884,0.18186125,0.21173438
..\KneeXrayData\ClsKLData\kneeKL224\test\0\9316405L.png,0,4,0.20961139,0.18911354,0.20301118,0.18639868,0.21186517
..\KneeXrayData\ClsKLData\kneeKL224\test\0\9316405R.png,0,0,0.21196246,0.19092403,0.20214161,0.18359289,0.21137899
..\KneeXrayData\ClsKLData\kneeKL224\test\0\9323060L.png,0,0,0.21177995,0.19088265,0.20217358,0.18381935,0.21134447
..\KneeXrayData\ClsKLData\kneeKL224\test\0\9323060R.png,0,0,0.21181932,0.19089326,0.20214218,0.18379919,0.21134606
..\KneeXrayData\ClsKLData\kneeKL224\test\0\9323403L.png,0,4,0.20818672,0.18795678,0.2033898,0.1882119,0.21225482
..\KneeXrayData\ClsKLData\kneeKL224\test\0\9323403R.png,0,4,0.20611128,0.18708365,0.2036446,0.18985772,0.21330273
..\KneeXrayData\ClsKLData\kneeKL224\test\0\9323439L.png,0,4,0.1952055,0.18079758,0.20542316,0.20031875,0.21825501
..\KneeXrayData\ClsKLData\kneeKL224\test\0\9323439R.png,0,0,0.21151844,0.19059214,0.20230225,0.18424556,0.21134162
..\KneeXrayData\ClsKLData\kneeKL224\test\0\9328332L.png,0,0,0.21179876,0.19088936,0.20219573,0.18367264,0.21144347
..\KneeXrayData\ClsKLData\kneeKL224\test\0\9337068L.png,0,4,0.1928085,0.17956269,0.20548117,0.20297214,0.21917555
..\KneeXrayData\ClsKLData\kneeKL224\test\0\9337068R.png,0,4,0.18338427,0.17318615,0.20485957,0.2150317,0.22353832
..\KneeXrayData\ClsKLData\kneeKL224\test\0\9338346L.png,0,4,0.20906958,0.18885061,0.20314315,0.18697226,0.21196441
..\KneeXrayData\ClsKLData\kneeKL224\test\0\9338346R.png,0,4,0.21088648,0.18979554,0.20264852,0.18547784,0.21119165
..\KneeXrayData\ClsKLData\kneeKL224\test\0\9338965L.png,0,4,0.21119955,0.1900757,0.20249763,0.18501613,0.21121101
..\KneeXrayData\ClsKLData\kneeKL224\test\0\9343691L.png,0,0,0.21234468,0.19170868,0.2018146,0.18260549,0.21152651
..\KneeXrayData\ClsKLData\kneeKL224\test\0\9343691R.png,0,0,0.21248813,0.1918732,0.20173998,0.1823167,0.21158199
..\KneeXrayData\ClsKLData\kneeKL224\test\0\9351263L.png,0,4,0.19985211,0.18346609,0.20470932,0.19566135,0.21631113
..\KneeXrayData\ClsKLData\kneeKL224\test\0\9351263R.png,0,0,0.21160272,0.19048604,0.20231807,0.1842722,0.21132094
..\KneeXrayData\ClsKLData\kneeKL224\test\0\9353339L.png,0,0,0.21168703,0.19058603,0.20227131,0.18418518,0.21127045
..\KneeXrayData\ClsKLData\kneeKL224\test\0\9360243L.png,0,4,0.19151364,0.1780056,0.2049895,0.20517966,0.22031158
..\KneeXrayData\ClsKLData\kneeKL224\test\0\9360243R.png,0,0,0.21178558,0.19077972,0.20218463,0.1838977,0.21135238
..\KneeXrayData\ClsKLData\kneeKL224\test\0\9361744L.png,0,4,0.20294926,0.18652233,0.2036808,0.19144273,0.21540488
..\KneeXrayData\ClsKLData\kneeKL224\test\0\9361744R.png,0,0,0.21185888,0.19098604,0.20211509,0.18362506,0.21141493
..\KneeXrayData\ClsKLData\kneeKL224\test\0\9363408L.png,0,0,0.21230865,0.19165751,0.20184048,0.18266599,0.2115274
..\KneeXrayData\ClsKLData\kneeKL224\test\0\9363408R.png,0,0,0.21219072,0.19145471,0.20192018,0.18297528,0.21145912
..\KneeXrayData\ClsKLData\kneeKL224\test\0\9364362L.png,0,4,0.19272873,0.17894185,0.20477116,0.20353964,0.22001863
..\KneeXrayData\ClsKLData\kneeKL224\test\0\9364362R.png,0,0,0.21202937,0.19110051,0.20205288,0.183348,0.2114692
..\KneeXrayData\ClsKLData\kneeKL224\test\0\9366178L.png,0,4,0.20985553,0.18898362,0.20301047,0.18661815,0.21153218
..\KneeXrayData\ClsKLData\kneeKL224\test\0\9366178R.png,0,4,0.20983303,0.18905577,0.20294093,0.18650147,0.2116688
..\KneeXrayData\ClsKLData\kneeKL224\test\0\9370170L.png,0,4,0.20979199,0.18893403,0.20305479,0.18676777,0.21145144
..\KneeXrayData\ClsKLData\kneeKL224\test\0\9370170R.png,0,4,0.20113859,0.18423092,0.20480677,0.19443402,0.2153897
..\KneeXrayData\ClsKLData\kneeKL224\test\0\9370366R.png,0,4,0.1815969,0.17161328,0.2048735,0.21785623,0.22406007
..\KneeXrayData\ClsKLData\kneeKL224\test\0\9376146L.png,0,4,0.18152793,0.17106704,0.20478198,0.21831658,0.2243065
..\KneeXrayData\ClsKLData\kneeKL224\test\0\9376146R.png,0,4,0.18267472,0.17250803,0.20471984,0.21622007,0.22387737
..\KneeXrayData\ClsKLData\kneeKL224\test\0\9376360L.png,0,4,0.19629759,0.18165442,0.20528874,0.19921818,0.21754108
..\KneeXrayData\ClsKLData\kneeKL224\test\0\9376360R.png,0,0,0.21131127,0.19028112,0.20243686,0.1846759,0.21129483
..\KneeXrayData\ClsKLData\kneeKL224\test\0\9378288L.png,0,0,0.21223384,0.1915907,0.2018922,0.1827744,0.2115089
..\KneeXrayData\ClsKLData\kneeKL224\test\0\9378288R.png,0,0,0.21146618,0.19079524,0.20228167,0.18402585,0.21143103
..\KneeXrayData\ClsKLData\kneeKL224\test\0\9381995L.png,0,4,0.20855549,0.18925628,0.20299055,0.18649474,0.21270293
..\KneeXrayData\ClsKLData\kneeKL224\test\0\9381995R.png,0,4,0.21036309,0.18958913,0.20277824,0.18584225,0.21142732
..\KneeXrayData\ClsKLData\kneeKL224\test\0\9384119L.png,0,4,0.20029554,0.18380263,0.20465267,0.19514105,0.21610808
..\KneeXrayData\ClsKLData\kneeKL224\test\0\9384119R.png,0,4,0.21098047,0.18998508,0.20255615,0.18504891,0.21142939
..\KneeXrayData\ClsKLData\kneeKL224\test\0\9386983L.png,0,0,0.21172893,0.19080581,0.20221768,0.18390162,0.21134605
..\KneeXrayData\ClsKLData\kneeKL224\test\0\9386983R.png,0,0,0.21152893,0.19052514,0.20233041,0.18434855,0.21126693
..\KneeXrayData\ClsKLData\kneeKL224\test\0\9392060L.png,0,0,0.21139798,0.19037989,0.2023828,0.18457034,0.21126902
..\KneeXrayData\ClsKLData\kneeKL224\test\0\9392060R.png,0,4,0.21051335,0.19037092,0.20249468,0.18451986,0.21210115
..\KneeXrayData\ClsKLData\kneeKL224\test\0\9393975R.png,0,0,0.21150604,0.19065505,0.20229663,0.18423375,0.21130851
..\KneeXrayData\ClsKLData\kneeKL224\test\0\9396405L.png,0,4,0.20860693,0.18890253,0.20320016,0.18686931,0.21242107
..\KneeXrayData\ClsKLData\kneeKL224\test\0\9396405R.png,0,0,0.21217954,0.19134218,0.20196182,0.18302661,0.21148992
..\KneeXrayData\ClsKLData\kneeKL224\test\0\9397988L.png,0,0,0.21526706,0.1957869,0.20004241,0.1755149,0.21338877
..\KneeXrayData\ClsKLData\kneeKL224\test\0\9398970L.png,0,0,0.212202,0.1914008,0.20193294,0.18299004,0.21147421
..\KneeXrayData\ClsKLData\kneeKL224\test\0\9398970R.png,0,0,0.21195206,0.19098517,0.20209955,0.18361573,0.21134743
..\KneeXrayData\ClsKLData\kneeKL224\test\0\9400127R.png,0,4,0.20503604,0.18692727,0.20393512,0.19040605,0.21369553
..\KneeXrayData\ClsKLData\kneeKL224\test\0\9400725L.png,0,4,0.20758098,0.1891436,0.20303455,0.18682665,0.21341422
..\KneeXrayData\ClsKLData\kneeKL224\test\0\9400725R.png,0,0,0.21185653,0.19113612,0.20208359,0.18344271,0.21148105
..\KneeXrayData\ClsKLData\kneeKL224\test\0\9409198L.png,0,4,0.19345532,0.1793837,0.20487338,0.20274754,0.21954009
..\KneeXrayData\ClsKLData\kneeKL224\test\0\9410231L.png,0,0,0.21209039,0.1912034,0.20201653,0.18318695,0.21150278
..\KneeXrayData\ClsKLData\kneeKL224\test\0\9410231R.png,0,0,0.21253243,0.1916964,0.20179227,0.18240066,0.21157826
..\KneeXrayData\ClsKLData\kneeKL224\test\0\9417075L.png,0,0,0.21147463,0.19050261,0.20234716,0.1843526,0.21132296
..\KneeXrayData\ClsKLData\kneeKL224\test\0\9418342L.png,0,0,0.21239364,0.1915545,0.20184126,0.1826903,0.21152027
..\KneeXrayData\ClsKLData\kneeKL224\test\0\9418342R.png,0,0,0.21165301,0.19068584,0.20225304,0.1839982,0.2114099
..\KneeXrayData\ClsKLData\kneeKL224\test\0\9419364L.png,0,4,0.2056683,0.18745908,0.20363684,0.18957391,0.21366185
..\KneeXrayData\ClsKLData\kneeKL224\test\0\9419364R.png,0,4,0.21055332,0.18971732,0.20271675,0.18559346,0.21141917
..\KneeXrayData\ClsKLData\kneeKL224\test\0\9420682R.png,0,0,0.21408167,0.19396079,0.20082076,0.1785792,0.21255761
..\KneeXrayData\ClsKLData\kneeKL224\test\0\9429101L.png,0,0,0.21178898,0.19072226,0.20218858,0.18400618,0.21129397
..\KneeXrayData\ClsKLData\kneeKL224\test\0\9432148L.png,0,4,0.20976794,0.19079125,0.20238018,0.18401997,0.21304071
..\KneeXrayData\ClsKLData\kneeKL224\test\0\9432148R.png,0,4,0.20425421,0.18724057,0.20361161,0.18987277,0.21502084
..\KneeXrayData\ClsKLData\kneeKL224\test\0\9435145L.png,0,4,0.21134888,0.19126952,0.20211305,0.18315426,0.2121143
..\KneeXrayData\ClsKLData\kneeKL224\test\0\9435145R.png,0,0,0.21244675,0.1917842,0.20177014,0.18246755,0.21153137
..\KneeXrayData\ClsKLData\kneeKL224\test\0\9435273L.png,0,4,0.19789892,0.18263644,0.20469171,0.19724527,0.21752772
..\KneeXrayData\ClsKLData\kneeKL224\test\0\9435273R.png,0,4,0.20547312,0.1872616,0.20375946,0.18966922,0.21383655
..\KneeXrayData\ClsKLData\kneeKL224\test\0\9442882L.png,0,4,0.20066261,0.18429008,0.20456955,0.1949519,0.21552582
..\KneeXrayData\ClsKLData\kneeKL224\test\0\9442882R.png,0,4,0.18774188,0.17616314,0.20535877,0.20939955,0.22133666
..\KneeXrayData\ClsKLData\kneeKL224\test\0\9444102L.png,0,4,0.21073003,0.18999472,0.20261893,0.18517515,0.21148114
..\KneeXrayData\ClsKLData\kneeKL224\test\0\9444102R.png,0,0,0.21126701,0.19020319,0.20246172,0.18487976,0.21118835
..\KneeXrayData\ClsKLData\kneeKL224\test\0\9449511L.png,0,4,0.21087274,0.19016254,0.20254095,0.18496758,0.21145621
..\KneeXrayData\ClsKLData\kneeKL224\test\0\9456857L.png,0,0,0.21259439,0.19210237,0.20166114,0.18201077,0.21163136
..\KneeXrayData\ClsKLData\kneeKL224\test\0\9456857R.png,0,0,0.21229343,0.19164896,0.20185462,0.18269747,0.21150556
..\KneeXrayData\ClsKLData\kneeKL224\test\0\9460076L.png,0,4,0.19706771,0.18194716,0.20482175,0.19835664,0.21780673
..\KneeXrayData\ClsKLData\kneeKL224\test\0\9460076R.png,0,4,0.21032584,0.18971546,0.20274106,0.18557139,0.21164624
..\KneeXrayData\ClsKLData\kneeKL224\test\0\9460109L.png,0,4,0.21020246,0.18968053,0.20275952,0.18560655,0.21175092
..\KneeXrayData\ClsKLData\kneeKL224\test\0\9460109R.png,0,4,0.20780274,0.18814257,0.20342256,0.18807739,0.21255475
..\KneeXrayData\ClsKLData\kneeKL224\test\0\9460225R.png,0,4,0.20788631,0.1886619,0.20324972,0.18740954,0.21279255
..\KneeXrayData\ClsKLData\kneeKL224\test\0\9460287L.png,0,0,0.21226744,0.19153087,0.20188463,0.18284541,0.21147169
..\KneeXrayData\ClsKLData\kneeKL224\test\0\9460287R.png,0,4,0.20655422,0.18790074,0.20353036,0.18886903,0.21314564
..\KneeXrayData\ClsKLData\kneeKL224\test\0\9463400L.png,0,4,0.19286594,0.17908455,0.20472467,0.20325422,0.22007066
..\KneeXrayData\ClsKLData\kneeKL224\test\0\9463400R.png,0,0,0.21260673,0.19179851,0.20175272,0.18219396,0.21164808
..\KneeXrayData\ClsKLData\kneeKL224\test\0\9464295L.png,0,4,0.1827704,0.1721116,0.20501575,0.21632443,0.22377782
..\KneeXrayData\ClsKLData\kneeKL224\test\0\9464295R.png,0,4,0.18194178,0.17184515,0.20471112,0.21749088,0.22401106
..\KneeXrayData\ClsKLData\kneeKL224\test\0\9467252R.png,0,4,0.20590518,0.1868644,0.20383427,0.19008245,0.21331367
..\KneeXrayData\ClsKLData\kneeKL224\test\0\9473791R.png,0,0,0.21175754,0.19072601,0.20221025,0.18395914,0.21134704
..\KneeXrayData\ClsKLData\kneeKL224\test\0\9476561R.png,0,0,0.21194485,0.19097315,0.20209289,0.18364912,0.21133994
..\KneeXrayData\ClsKLData\kneeKL224\test\0\9476633R.png,0,0,0.21226293,0.19135863,0.20196171,0.18289058,0.21152613
..\KneeXrayData\ClsKLData\kneeKL224\test\0\9479978R.png,0,4,0.21067695,0.18970765,0.20270632,0.1855784,0.21133065
..\KneeXrayData\ClsKLData\kneeKL224\test\0\9480211L.png,0,0,0.21149918,0.19051173,0.20232417,0.18437108,0.21129382
..\KneeXrayData\ClsKLData\kneeKL224\test\0\9480211R.png,0,4,0.21019378,0.18924354,0.20288843,0.18630958,0.21136466
..\KneeXrayData\ClsKLData\kneeKL224\test\0\9480294L.png,0,4,0.20247522,0.18574333,0.20395185,0.19266757,0.21516198
..\KneeXrayData\ClsKLData\kneeKL224\test\0\9480294R.png,0,4,0.19942273,0.18317434,0.20477171,0.1963982,0.21623299
..\KneeXrayData\ClsKLData\kneeKL224\test\0\9480533L.png,0,4,0.18594837,0.17435917,0.20516558,0.21194342,0.22258344
..\KneeXrayData\ClsKLData\kneeKL224\test\0\9480533R.png,0,4,0.18227136,0.17212343,0.20472276,0.21694812,0.22393435
..\KneeXrayData\ClsKLData\kneeKL224\test\0\9481542L.png,0,4,0.1838536,0.17285304,0.20504873,0.2149092,0.22333542
..\KneeXrayData\ClsKLData\kneeKL224\test\0\9481542R.png,0,4,0.20588338,0.18706729,0.20393789,0.18990529,0.21320619
..\KneeXrayData\ClsKLData\kneeKL224\test\0\9486748R.png,0,4,0.20252554,0.18547772,0.20412737,0.19270745,0.21516192
..\KneeXrayData\ClsKLData\kneeKL224\test\0\9488401L.png,0,4,0.20974436,0.18947646,0.20289567,0.18607715,0.21180637
..\KneeXrayData\ClsKLData\kneeKL224\test\0\9496443R.png,0,4,0.20741424,0.18830252,0.2034105,0.18788788,0.21298486
..\KneeXrayData\ClsKLData\kneeKL224\test\0\9501891L.png,0,3,0.17438842,0.16547029,0.20356989,0.2292637,0.2273077
..\KneeXrayData\ClsKLData\kneeKL224\test\0\9503361L.png,0,4,0.20531447,0.18711518,0.20381364,0.19016127,0.21359545
..\KneeXrayData\ClsKLData\kneeKL224\test\0\9503361R.png,0,4,0.20633852,0.1872753,0.20391098,0.18945143,0.21302378
..\KneeXrayData\ClsKLData\kneeKL224\test\0\9504627L.png,0,0,0.21331939,0.19276264,0.20135139,0.18054491,0.21202163
..\KneeXrayData\ClsKLData\kneeKL224\test\0\9504627R.png,0,0,0.2137355,0.19338563,0.20107709,0.17947845,0.21232334
..\KneeXrayData\ClsKLData\kneeKL224\test\0\9506357L.png,0,4,0.20788768,0.1883538,0.20338827,0.18787381,0.21249643
..\KneeXrayData\ClsKLData\kneeKL224\test\0\9506357R.png,0,4,0.19197175,0.17915699,0.20478518,0.2043081,0.219778
..\KneeXrayData\ClsKLData\kneeKL224\test\0\9507392R.png,0,4,0.18132189,0.17130435,0.20473059,0.2184425,0.22420064
..\KneeXrayData\ClsKLData\kneeKL224\test\0\9508414L.png,0,4,0.21087912,0.19001865,0.20258307,0.18507189,0.21144727
..\KneeXrayData\ClsKLData\kneeKL224\test\0\9508414R.png,0,0,0.21166989,0.19060993,0.20227452,0.18414527,0.2113004
..\KneeXrayData\ClsKLData\kneeKL224\test\0\9509846L.png,0,4,0.18252057,0.17200893,0.20481798,0.21665147,0.22400108
..\KneeXrayData\ClsKLData\kneeKL224\test\0\9509846R.png,0,4,0.18304162,0.17290589,0.20478342,0.21550754,0.2237615
..\KneeXrayData\ClsKLData\kneeKL224\test\0\9510301L.png,0,0,0.21287125,0.19241689,0.20150866,0.18146634,0.21173686
..\KneeXrayData\ClsKLData\kneeKL224\test\0\9510301R.png,0,0,0.21286792,0.19238377,0.20151255,0.18149102,0.21174467
..\KneeXrayData\ClsKLData\kneeKL224\test\0\9510343R.png,0,4,0.20316413,0.18564862,0.20453085,0.19218957,0.2144668
..\KneeXrayData\ClsKLData\kneeKL224\test\0\9513860L.png,0,4,0.2095412,0.18900645,0.20306827,0.18666944,0.21171468
..\KneeXrayData\ClsKLData\kneeKL224\test\0\9516409L.png,0,4,0.1992726,0.1837561,0.20470923,0.19599526,0.21626683
..\KneeXrayData\ClsKLData\kneeKL224\test\0\9516409R.png,0,4,0.19242162,0.17940792,0.20543684,0.20337403,0.21935958
..\KneeXrayData\ClsKLData\kneeKL224\test\0\9517833R.png,0,0,0.21272129,0.19228657,0.20158035,0.18174103,0.21167079
..\KneeXrayData\ClsKLData\kneeKL224\test\0\9518337L.png,0,4,0.20896614,0.18884754,0.20314829,0.18698713,0.21205091
..\KneeXrayData\ClsKLData\kneeKL224\test\0\9521440L.png,0,4,0.21059431,0.18992314,0.20265572,0.18527985,0.21154691
..\KneeXrayData\ClsKLData\kneeKL224\test\0\9522881R.png,0,4,0.2067394,0.18752396,0.20377415,0.18910992,0.21285255
..\KneeXrayData\ClsKLData\kneeKL224\test\0\9524362L.png,0,4,0.1924806,0.17874,0.20484994,0.2039647,0.21996477
..\KneeXrayData\ClsKLData\kneeKL224\test\0\9524362R.png,0,4,0.19240597,0.17950562,0.20462726,0.20366107,0.21980008
..\KneeXrayData\ClsKLData\kneeKL224\test\0\9527882L.png,0,4,0.20541039,0.18768618,0.20352037,0.18926045,0.2141226
..\KneeXrayData\ClsKLData\kneeKL224\test\0\9527882R.png,0,4,0.20042372,0.18386841,0.20489603,0.19517586,0.21563601
..\KneeXrayData\ClsKLData\kneeKL224\test\0\9529761L.png,0,0,0.21195853,0.19122781,0.20204222,0.18334796,0.21142347
..\KneeXrayData\ClsKLData\kneeKL224\test\0\9529761R.png,0,0,0.21224466,0.19159201,0.20187774,0.18281153,0.21147406
..\KneeXrayData\ClsKLData\kneeKL224\test\0\9530267L.png,0,0,0.21361706,0.1935638,0.20102528,0.17950657,0.21228728
..\KneeXrayData\ClsKLData\kneeKL224\test\0\9532148L.png,0,0,0.21213321,0.1910896,0.20206323,0.18328138,0.21143255
..\KneeXrayData\ClsKLData\kneeKL224\test\0\9532148R.png,0,0,0.21234202,0.1913712,0.2019395,0.18280768,0.21153961
..\KneeXrayData\ClsKLData\kneeKL224\test\0\9532870L.png,0,4,0.19081436,0.17736986,0.20512858,0.20627703,0.22041017
..\KneeXrayData\ClsKLData\kneeKL224\test\0\9532870R.png,0,4,0.20723903,0.18755059,0.20364794,0.18889251,0.21266995
..\KneeXrayData\ClsKLData\kneeKL224\test\0\9541124R.png,0,4,0.19763662,0.1822375,0.2051402,0.19798067,0.21700506
..\KneeXrayData\ClsKLData\kneeKL224\test\0\9545822L.png,0,4,0.18068407,0.17048106,0.20479365,0.21937925,0.22466195
..\KneeXrayData\ClsKLData\kneeKL224\test\0\9545822R.png,0,4,0.18225205,0.1720927,0.20484003,0.21698222,0.22383294
..\KneeXrayData\ClsKLData\kneeKL224\test\0\9546329L.png,0,4,0.19614306,0.1807777,0.20525557,0.2002359,0.21758777
..\KneeXrayData\ClsKLData\kneeKL224\test\0\9546329R.png,0,4,0.20909953,0.18886182,0.20301557,0.18681327,0.21220978
..\KneeXrayData\ClsKLData\kneeKL224\test\0\9552835L.png,0,4,0.20259356,0.18562351,0.20415887,0.19281803,0.21480596
..\KneeXrayData\ClsKLData\kneeKL224\test\0\9556963L.png,0,4,0.2021067,0.1852252,0.20422426,0.19352537,0.2149184
..\KneeXrayData\ClsKLData\kneeKL224\test\0\9556963R.png,0,4,0.20774963,0.18773088,0.20363083,0.1886244,0.21226424
..\KneeXrayData\ClsKLData\kneeKL224\test\0\9559860R.png,0,4,0.20060472,0.18396008,0.20482227,0.19505781,0.21555515
..\KneeXrayData\ClsKLData\kneeKL224\test\0\9564716L.png,0,4,0.21100253,0.19025691,0.2025196,0.18486956,0.2113514
..\KneeXrayData\ClsKLData\kneeKL224\test\0\9565710L.png,0,0,0.2150192,0.19546439,0.20018426,0.17610016,0.21323198
..\KneeXrayData\ClsKLData\kneeKL224\test\0\9565710R.png,0,0,0.21497369,0.19541217,0.20020515,0.17621833,0.21319067
..\KneeXrayData\ClsKLData\kneeKL224\test\0\9570722L.png,0,0,0.21451613,0.19483382,0.20044965,0.17730035,0.21290003
..\KneeXrayData\ClsKLData\kneeKL224\test\0\9570722R.png,0,0,0.21465835,0.19495021,0.20040566,0.17701547,0.2129703
..\KneeXrayData\ClsKLData\kneeKL224\test\0\9571740R.png,0,4,0.21064201,0.1895693,0.20277032,0.18576309,0.21125531
..\KneeXrayData\ClsKLData\kneeKL224\test\0\9572192L.png,0,0,0.21282965,0.19243398,0.20152476,0.1814562,0.21175545
..\KneeXrayData\ClsKLData\kneeKL224\test\0\9572948L.png,0,0,0.21341756,0.1930595,0.20121488,0.18024114,0.21206696
..\KneeXrayData\ClsKLData\kneeKL224\test\0\9575697R.png,0,0,0.21199319,0.19134212,0.20202214,0.18317622,0.21146636
..\KneeXrayData\ClsKLData\kneeKL224\test\0\9579246L.png,0,0,0.21203902,0.19102441,0.20207492,0.18348914,0.21137251
..\KneeXrayData\ClsKLData\kneeKL224\test\0\9583746L.png,0,4,0.19211625,0.17834184,0.2049515,0.2045893,0.22000112
..\KneeXrayData\ClsKLData\kneeKL224\test\0\9584176L.png,0,0,0.21274918,0.19219315,0.2016018,0.181793,0.2116628
..\KneeXrayData\ClsKLData\kneeKL224\test\0\9584176R.png,0,0,0.21252955,0.19185439,0.20173602,0.18230775,0.21157226
..\KneeXrayData\ClsKLData\kneeKL224\test\0\9588277L.png,0,0,0.21511868,0.19553798,0.20016015,0.17589316,0.21329007
..\KneeXrayData\ClsKLData\kneeKL224\test\0\9588277R.png,0,0,0.21456286,0.19491935,0.20041478,0.17716222,0.21294078
..\KneeXrayData\ClsKLData\kneeKL224\test\0\9589708L.png,0,4,0.21125352,0.19070089,0.20231053,0.18412752,0.21160752
..\KneeXrayData\ClsKLData\kneeKL224\test\0\9589735L.png,0,4,0.18333368,0.17262882,0.20498121,0.21544005,0.22361626
..\KneeXrayData\ClsKLData\kneeKL224\test\0\9593694L.png,0,4,0.2021119,0.18579197,0.20401216,0.19278139,0.21530262
..\KneeXrayData\ClsKLData\kneeKL224\test\0\9594682L.png,0,0,0.21277961,0.1923329,0.20155552,0.18161994,0.21171209
..\KneeXrayData\ClsKLData\kneeKL224\test\0\9594682R.png,0,4,0.20931318,0.18888563,0.203184,0.18701014,0.21160707
..\KneeXrayData\ClsKLData\kneeKL224\test\0\9596248L.png,0,0,0.21480572,0.19515574,0.2003098,0.17664596,0.21308284
..\KneeXrayData\ClsKLData\kneeKL224\test\0\9596248R.png,0,0,0.21422535,0.19450961,0.20060247,0.1779378,0.2127248
..\KneeXrayData\ClsKLData\kneeKL224\test\0\9596903L.png,0,4,0.20123903,0.18471327,0.2043562,0.19443142,0.21526006
..\KneeXrayData\ClsKLData\kneeKL224\test\0\9598675L.png,0,4,0.1812098,0.17082988,0.2048032,0.21874577,0.2244113
..\KneeXrayData\ClsKLData\kneeKL224\test\0\9598675R.png,0,4,0.18278764,0.17255816,0.20479032,0.21613541,0.22372845
..\KneeXrayData\ClsKLData\kneeKL224\test\0\9606704L.png,0,0,0.21469331,0.19510733,0.20034966,0.17683163,0.21301813
..\KneeXrayData\ClsKLData\kneeKL224\test\0\9606704R.png,0,0,0.21490666,0.19536066,0.20023085,0.17633793,0.21316394
..\KneeXrayData\ClsKLData\kneeKL224\test\0\9606955L.png,0,4,0.21052772,0.19022015,0.20254347,0.18483728,0.21187139
..\KneeXrayData\ClsKLData\kneeKL224\test\0\9607454L.png,0,0,0.21146888,0.19047844,0.20236179,0.18442734,0.21126358
..\KneeXrayData\ClsKLData\kneeKL224\test\0\9607454R.png,0,4,0.20877461,0.18845946,0.20333701,0.1875647,0.21186423
..\KneeXrayData\ClsKLData\kneeKL224\test\0\9608737L.png,0,4,0.2037618,0.1865286,0.20384389,0.19132933,0.21453641
..\KneeXrayData\ClsKLData\kneeKL224\test\0\9608737R.png,0,0,0.2117948,0.1908408,0.20219369,0.18386737,0.21130335
..\KneeXrayData\ClsKLData\kneeKL224\test\0\9610439L.png,0,4,0.20713633,0.18848069,0.20330751,0.18783604,0.21323943
..\KneeXrayData\ClsKLData\kneeKL224\test\0\9611246L.png,0,4,0.21005622,0.19093208,0.20219,0.18379238,0.21302935
..\KneeXrayData\ClsKLData\kneeKL224\test\0\9611246R.png,0,0,0.2130326,0.19293521,0.20133772,0.1806277,0.21206677
..\KneeXrayData\ClsKLData\kneeKL224\test\0\9612143L.png,0,4,0.18364865,0.17280614,0.2049794,0.21505342,0.22351241
..\KneeXrayData\ClsKLData\kneeKL224\test\0\9612143R.png,0,4,0.20968859,0.18933484,0.20284374,0.186131,0.21200183
..\KneeXrayData\ClsKLData\kneeKL224\test\0\9613159L.png,0,0,0.21207371,0.19105446,0.20204914,0.18343058,0.21139212
..\KneeXrayData\ClsKLData\kneeKL224\test\0\9613159R.png,0,0,0.21226342,0.19128317,0.20194215,0.18304566,0.21146557
..\KneeXrayData\ClsKLData\kneeKL224\test\0\9616228R.png,0,0,0.21515757,0.19565201,0.2001063,0.17576113,0.21332297
..\KneeXrayData\ClsKLData\kneeKL224\test\0\9618967L.png,0,4,0.2061834,0.18767041,0.20359877,0.18925525,0.2132922
..\KneeXrayData\ClsKLData\kneeKL224\test\0\9618967R.png,0,4,0.20296174,0.18524086,0.20463377,0.1928194,0.2143442
..\KneeXrayData\ClsKLData\kneeKL224\test\0\9621160L.png,0,4,0.20159373,0.18518342,0.2041705,0.19371402,0.21533832
..\KneeXrayData\ClsKLData\kneeKL224\test\0\9621160R.png,0,4,0.20195906,0.1849799,0.20431963,0.19360629,0.2151351
..\KneeXrayData\ClsKLData\kneeKL224\test\0\9622603L.png,0,4,0.2043041,0.18619716,0.20416427,0.19127733,0.21405712
..\KneeXrayData\ClsKLData\kneeKL224\test\0\9623194L.png,0,0,0.2144343,0.19476438,0.20048022,0.17747018,0.21285091
..\KneeXrayData\ClsKLData\kneeKL224\test\0\9623194R.png,0,0,0.21458444,0.19495466,0.20040387,0.17710124,0.21295577
..\KneeXrayData\ClsKLData\kneeKL224\test\0\9624955R.png,0,4,0.19231832,0.1792816,0.20498526,0.20393845,0.21947637
..\KneeXrayData\ClsKLData\kneeKL224\test\0\9631230L.png,0,4,0.2017262,0.18455167,0.20482776,0.19395342,0.21494098
..\KneeXrayData\ClsKLData\kneeKL224\test\0\9631230R.png,0,4,0.20754534,0.18781814,0.20349404,0.18847308,0.21266948
..\KneeXrayData\ClsKLData\kneeKL224\test\0\9634146L.png,0,4,0.20236135,0.18586484,0.20394447,0.19262366,0.2152057
..\KneeXrayData\ClsKLData\kneeKL224\test\0\9635933L.png,0,4,0.20577051,0.18739873,0.20369285,0.18968458,0.21345335
..\KneeXrayData\ClsKLData\kneeKL224\test\0\9635933R.png,0,0,0.21126552,0.190208,0.20246202,0.18489385,0.21117061
..\KneeXrayData\ClsKLData\kneeKL224\test\0\9636409L.png,0,4,0.20914675,0.18966037,0.2028928,0.18599012,0.21231
..\KneeXrayData\ClsKLData\kneeKL224\test\0\9636409R.png,0,4,0.21002495,0.18992752,0.20277426,0.18538138,0.21189189
..\KneeXrayData\ClsKLData\kneeKL224\test\0\9639683R.png,0,0,0.21155503,0.19059327,0.20230564,0.18430386,0.2112422
..\KneeXrayData\ClsKLData\kneeKL224\test\0\9643521L.png,0,0,0.2135543,0.19321305,0.20113388,0.17991254,0.21218619
..\KneeXrayData\ClsKLData\kneeKL224\test\0\9643521R.png,0,0,0.21311915,0.19254696,0.20143902,0.18097878,0.21191613
..\KneeXrayData\ClsKLData\kneeKL224\test\0\9645608L.png,0,0,0.21231803,0.19145781,0.20189638,0.18283305,0.21149468
..\KneeXrayData\ClsKLData\kneeKL224\test\0\9645608R.png,0,0,0.21259925,0.19191295,0.20171261,0.18205088,0.21172437
..\KneeXrayData\ClsKLData\kneeKL224\test\0\9647234L.png,0,4,0.20819592,0.18936503,0.20297459,0.18647513,0.21298933
..\KneeXrayData\ClsKLData\kneeKL224\test\0\9647234R.png,0,4,0.21118796,0.19039276,0.20244883,0.18470043,0.21127005
..\KneeXrayData\ClsKLData\kneeKL224\test\0\9648692L.png,0,4,0.18406641,0.17328417,0.20490958,0.214755,0.22298485
..\KneeXrayData\ClsKLData\kneeKL224\test\0\9649602L.png,0,0,0.21333027,0.19326639,0.20117241,0.1801497,0.2120812
..\KneeXrayData\ClsKLData\kneeKL224\test\0\9649967L.png,0,4,0.20490542,0.18708791,0.20373078,0.19028783,0.21398811
..\KneeXrayData\ClsKLData\kneeKL224\test\0\9649967R.png,0,4,0.19871521,0.1828736,0.20485705,0.19703609,0.2165181
..\KneeXrayData\ClsKLData\kneeKL224\test\0\9650074L.png,0,0,0.2122108,0.19132312,0.20195335,0.18306509,0.21144761
..\KneeXrayData\ClsKLData\kneeKL224\test\0\9650074R.png,0,0,0.21191359,0.19088025,0.20214158,0.18373129,0.21133327
..\KneeXrayData\ClsKLData\kneeKL224\test\0\9650705L.png,0,4,0.2089886,0.18877327,0.20316103,0.18702416,0.21205288
..\KneeXrayData\ClsKLData\kneeKL224\test\0\9650705R.png,0,0,0.211878,0.19091946,0.20212358,0.1837089,0.21137002
..\KneeXrayData\ClsKLData\kneeKL224\test\0\9656070L.png,0,4,0.20271787,0.18546015,0.20448662,0.19263788,0.21469751
..\KneeXrayData\ClsKLData\kneeKL224\test\0\9656070R.png,0,4,0.20438886,0.18637192,0.204203,0.19097385,0.21406236
..\KneeXrayData\ClsKLData\kneeKL224\test\0\9656696L.png,0,4,0.20423797,0.1857797,0.20398252,0.19178939,0.21421044
..\KneeXrayData\ClsKLData\kneeKL224\test\0\9667180L.png,0,0,0.21356785,0.1935135,0.20103294,0.17968224,0.21220343
..\KneeXrayData\ClsKLData\kneeKL224\test\0\9669143R.png,0,4,0.18169683,0.17162105,0.2047554,0.21787784,0.22404891
..\KneeXrayData\ClsKLData\kneeKL224\test\0\9669699L.png,0,0,0.21406844,0.19438869,0.20067659,0.17823151,0.21263477
..\KneeXrayData\ClsKLData\kneeKL224\test\0\9669699R.png,0,0,0.21396202,0.19420272,0.20074707,0.1785695,0.21251869
..\KneeXrayData\ClsKLData\kneeKL224\test\0\9669752L.png,0,4,0.20944093,0.18918541,0.20298809,0.18634088,0.21204466
..\KneeXrayData\ClsKLData\kneeKL224\test\0\9669752R.png,0,4,0.21143763,0.19080865,0.20226063,0.18370706,0.21178606
..\KneeXrayData\ClsKLData\kneeKL224\test\0\9670198L.png,0,4,0.2106725,0.18987326,0.20269084,0.18547788,0.2112855
..\KneeXrayData\ClsKLData\kneeKL224\test\0\9670198R.png,0,4,0.21012612,0.18941946,0.20286931,0.18610539,0.2114797
..\KneeXrayData\ClsKLData\kneeKL224\test\0\9680874R.png,0,0,0.21241106,0.19187038,0.20176291,0.18237653,0.21157914
..\KneeXrayData\ClsKLData\kneeKL224\test\0\9681294L.png,0,4,0.17794856,0.16831684,0.2043731,0.22354466,0.22581682
..\KneeXrayData\ClsKLData\kneeKL224\test\0\9681294R.png,0,4,0.1896989,0.1772838,0.20549302,0.20706409,0.22046018
..\KneeXrayData\ClsKLData\kneeKL224\test\0\9685324L.png,0,4,0.21104857,0.19018802,0.20248985,0.1847827,0.21149084
..\KneeXrayData\ClsKLData\kneeKL224\test\0\9686621R.png,0,0,0.21267988,0.19208156,0.20167415,0.18185249,0.2117119
..\KneeXrayData\ClsKLData\kneeKL224\test\0\9688844L.png,0,4,0.21101339,0.19056165,0.20238215,0.1843431,0.21169972
..\KneeXrayData\ClsKLData\kneeKL224\test\0\9688844R.png,0,4,0.20511097,0.1869688,0.20386025,0.19021231,0.21384771
..\KneeXrayData\ClsKLData\kneeKL224\test\0\9690658L.png,0,4,0.2037769,0.18600184,0.20417511,0.19205588,0.2139903
..\KneeXrayData\ClsKLData\kneeKL224\test\0\9701165R.png,0,4,0.21030392,0.18934745,0.20283377,0.18611668,0.21139818
..\KneeXrayData\ClsKLData\kneeKL224\test\0\9702852L.png,0,0,0.21191883,0.1908828,0.20216098,0.18366948,0.21136793
..\KneeXrayData\ClsKLData\kneeKL224\test\0\9702852R.png,0,0,0.21241176,0.19151373,0.20188347,0.18262933,0.21156172
..\KneeXrayData\ClsKLData\kneeKL224\test\0\9706172R.png,0,4,0.20133483,0.18486607,0.20438081,0.19398016,0.21543813
..\KneeXrayData\ClsKLData\kneeKL224\test\0\9712419L.png,0,4,0.20185466,0.18538097,0.20414726,0.1934757,0.21514139
..\KneeXrayData\ClsKLData\kneeKL224\test\0\9712419R.png,0,4,0.18737116,0.17586583,0.20552245,0.20984635,0.22139421
..\KneeXrayData\ClsKLData\kneeKL224\test\0\9713986R.png,0,0,0.21170156,0.19070566,0.20227757,0.18400034,0.21131492
..\KneeXrayData\ClsKLData\kneeKL224\test\0\9717450L.png,0,4,0.1900996,0.1770505,0.2051413,0.20688316,0.2208254
..\KneeXrayData\ClsKLData\kneeKL224\test\0\9717450R.png,0,4,0.1920907,0.17915007,0.20476289,0.20421082,0.21978556
..\KneeXrayData\ClsKLData\kneeKL224\test\0\9719243L.png,0,0,0.21170542,0.19077706,0.20220858,0.18403667,0.21127224
..\KneeXrayData\ClsKLData\kneeKL224\test\0\9719243R.png,0,4,0.20821235,0.18825291,0.20331669,0.18797506,0.21224296
..\KneeXrayData\ClsKLData\kneeKL224\test\0\9719391L.png,0,4,0.20750274,0.1880268,0.20351654,0.18836549,0.2125884
..\KneeXrayData\ClsKLData\kneeKL224\test\0\9719391R.png,0,0,0.21141808,0.19043365,0.20236117,0.18454781,0.21123925
..\KneeXrayData\ClsKLData\kneeKL224\test\0\9719890L.png,0,0,0.21306106,0.19243762,0.20146349,0.18116821,0.21186963
..\KneeXrayData\ClsKLData\kneeKL224\test\0\9719890R.png,0,0,0.2135673,0.19324896,0.20112273,0.17985225,0.21220873
..\KneeXrayData\ClsKLData\kneeKL224\test\0\9720535R.png,0,0,0.21458173,0.1949592,0.20039168,0.17710909,0.2129583
..\KneeXrayData\ClsKLData\kneeKL224\test\0\9721192L.png,0,4,0.20906293,0.18908842,0.20305562,0.18669143,0.21210164
..\KneeXrayData\ClsKLData\kneeKL224\test\0\9723972L.png,0,4,0.19615772,0.18125126,0.20495453,0.19947773,0.21815875
..\KneeXrayData\ClsKLData\kneeKL224\test\0\9723972R.png,0,4,0.21060763,0.18987364,0.20261487,0.18525368,0.21165016
..\KneeXrayData\ClsKLData\kneeKL224\test\0\9725172L.png,0,4,0.20806351,0.18871793,0.20326072,0.18727437,0.21268347
..\KneeXrayData\ClsKLData\kneeKL224\test\0\9725978R.png,0,4,0.20086473,0.18490061,0.2042505,0.19386517,0.21611904
..\KneeXrayData\ClsKLData\kneeKL224\test\0\9728215L.png,0,0,0.21280548,0.19232109,0.20155051,0.18159747,0.21172543
..\KneeXrayData\ClsKLData\kneeKL224\test\0\9728483L.png,0,4,0.18468855,0.17357352,0.2050335,0.21352994,0.22317454
..\KneeXrayData\ClsKLData\kneeKL224\test\0\9728483R.png,0,4,0.18616603,0.1750916,0.20505634,0.21138066,0.22230533
..\KneeXrayData\ClsKLData\kneeKL224\test\0\9729986R.png,0,4,0.19007479,0.17766157,0.20495749,0.20673317,0.22057301
..\KneeXrayData\ClsKLData\kneeKL224\test\0\9733523L.png,0,4,0.20822623,0.18847291,0.20339537,0.1876815,0.21222395
..\KneeXrayData\ClsKLData\kneeKL224\test\0\9735251L.png,0,0,0.2129542,0.19236562,0.20148817,0.18137848,0.21181354
..\KneeXrayData\ClsKLData\kneeKL224\test\0\9735276L.png,0,4,0.20039082,0.18414596,0.20459777,0.19522148,0.215644
..\KneeXrayData\ClsKLData\kneeKL224\test\0\9735276R.png,0,4,0.18491736,0.17430864,0.20502177,0.21291962,0.22283259
..\KneeXrayData\ClsKLData\kneeKL224\test\0\9739300L.png,0,4,0.18668455,0.1752521,0.2054189,0.2106593,0.22198516
..\KneeXrayData\ClsKLData\kneeKL224\test\0\9739300R.png,0,4,0.18346699,0.17322695,0.20486291,0.21497257,0.2234706
..\KneeXrayData\ClsKLData\kneeKL224\test\0\9746250L.png,0,0,0.21209285,0.19122696,0.20203193,0.1832864,0.21136183
..\KneeXrayData\ClsKLData\kneeKL224\test\0\9746250R.png,0,0,0.21219757,0.19136935,0.20196506,0.18302792,0.21144013
..\KneeXrayData\ClsKLData\kneeKL224\test\0\9747094L.png,0,4,0.1918149,0.17812714,0.20497537,0.20495255,0.22013006
..\KneeXrayData\ClsKLData\kneeKL224\test\0\9754373R.png,0,4,0.20877354,0.18898946,0.20311692,0.18686163,0.21225844
..\KneeXrayData\ClsKLData\kneeKL224\test\0\9762600R.png,0,4,0.20650354,0.1877544,0.20355898,0.18883477,0.21334833
..\KneeXrayData\ClsKLData\kneeKL224\test\0\9763419L.png,0,4,0.21024896,0.18987438,0.20268226,0.18541232,0.21178211
..\KneeXrayData\ClsKLData\kneeKL224\test\0\9763419R.png,0,4,0.20670544,0.1873356,0.20376898,0.18936485,0.21282516
..\KneeXrayData\ClsKLData\kneeKL224\test\0\9766939R.png,0,0,0.21403635,0.19418412,0.20073739,0.17851561,0.21252653
..\KneeXrayData\ClsKLData\kneeKL224\test\0\9771440L.png,0,0,0.213315,0.19293022,0.20124768,0.18048182,0.21202521
..\KneeXrayData\ClsKLData\kneeKL224\test\0\9771440R.png,0,0,0.21298203,0.19241995,0.20147058,0.18130457,0.21182287
..\KneeXrayData\ClsKLData\kneeKL224\test\0\9771687L.png,0,4,0.210986,0.19034955,0.20244981,0.18458542,0.21162924
..\KneeXrayData\ClsKLData\kneeKL224\test\0\9775951R.png,0,4,0.21118407,0.19016594,0.20249373,0.18489942,0.21125686
..\KneeXrayData\ClsKLData\kneeKL224\test\0\9778477L.png,0,0,0.21218517,0.19135293,0.20197505,0.18304959,0.21143726
..\KneeXrayData\ClsKLData\kneeKL224\test\0\9778477R.png,0,0,0.21194589,0.19108874,0.20208159,0.1834737,0.21141008
..\KneeXrayData\ClsKLData\kneeKL224\test\0\9780482R.png,0,4,0.20418648,0.18618983,0.20417663,0.19144148,0.21400559
..\KneeXrayData\ClsKLData\kneeKL224\test\0\9781589L.png,0,4,0.20862877,0.18831041,0.20339493,0.1877589,0.21190697
..\KneeXrayData\ClsKLData\kneeKL224\test\0\9781589R.png,0,4,0.18894252,0.17712909,0.20525059,0.20763165,0.22104615
..\KneeXrayData\ClsKLData\kneeKL224\test\0\9789177L.png,0,4,0.20865414,0.1882836,0.2033939,0.18775654,0.21191184
..\KneeXrayData\ClsKLData\kneeKL224\test\0\9789177R.png,0,4,0.20488158,0.18619326,0.20399246,0.19123334,0.21369934
..\KneeXrayData\ClsKLData\kneeKL224\test\0\9789295L.png,0,4,0.1995868,0.18367067,0.20461152,0.19544375,0.21668723
..\KneeXrayData\ClsKLData\kneeKL224\test\0\9789295R.png,0,0,0.21267128,0.19200636,0.20165962,0.181977,0.21168569
..\KneeXrayData\ClsKLData\kneeKL224\test\0\9793845R.png,0,0,0.21463564,0.195057,0.20036547,0.1769922,0.2129497
..\KneeXrayData\ClsKLData\kneeKL224\test\0\9795389L.png,0,4,0.1834259,0.17274308,0.20488915,0.2151774,0.22376448
..\KneeXrayData\ClsKLData\kneeKL224\test\0\9796299R.png,0,4,0.20777223,0.18802786,0.20333989,0.18821345,0.21264657
..\KneeXrayData\ClsKLData\kneeKL224\test\0\9798629L.png,0,0,0.21391708,0.19404915,0.2007949,0.17876965,0.21246916
..\KneeXrayData\ClsKLData\kneeKL224\test\0\9798629R.png,0,0,0.2131055,0.19292258,0.20131978,0.18072411,0.21192801
..\KneeXrayData\ClsKLData\kneeKL224\test\0\9798787L.png,0,4,0.20401636,0.18556184,0.2044085,0.19204952,0.21396378
..\KneeXrayData\ClsKLData\kneeKL224\test\0\9798787R.png,0,4,0.19937816,0.183139,0.20491052,0.19636923,0.21620311
..\KneeXrayData\ClsKLData\kneeKL224\test\0\9800607L.png,0,4,0.21043545,0.18950886,0.20280534,0.18587741,0.21137294
..\KneeXrayData\ClsKLData\kneeKL224\test\0\9803321L.png,0,0,0.21257326,0.19190836,0.20173311,0.18209487,0.21169037
..\KneeXrayData\ClsKLData\kneeKL224\test\0\9803321R.png,0,0,0.2134456,0.19309661,0.20119828,0.1801261,0.21213344
..\KneeXrayData\ClsKLData\kneeKL224\test\0\9805894L.png,0,0,0.21455416,0.19486856,0.20043233,0.17725512,0.21288982
..\KneeXrayData\ClsKLData\kneeKL224\test\0\9807132L.png,0,0,0.2130444,0.19258663,0.20140749,0.1810495,0.21191195
..\KneeXrayData\ClsKLData\kneeKL224\test\0\9807132R.png,0,0,0.21297303,0.1924248,0.20145664,0.18133906,0.21180648
..\KneeXrayData\ClsKLData\kneeKL224\test\0\9808730L.png,0,0,0.2124964,0.1919032,0.2017422,0.18228708,0.2115711
..\KneeXrayData\ClsKLData\kneeKL224\test\0\9808730R.png,0,0,0.21243156,0.19176999,0.2017856,0.18246976,0.21154308
..\KneeXrayData\ClsKLData\kneeKL224\test\0\9810351L.png,0,4,0.20952162,0.18878198,0.20307027,0.18687072,0.21175545
..\KneeXrayData\ClsKLData\kneeKL224\test\0\9810351R.png,0,4,0.2074804,0.1878733,0.20338555,0.18845436,0.21280634
..\KneeXrayData\ClsKLData\kneeKL224\test\0\9810475L.png,0,4,0.2101646,0.18960118,0.20282188,0.185846,0.21156633
..\KneeXrayData\ClsKLData\kneeKL224\test\0\9810475R.png,0,4,0.20252311,0.18534717,0.20431767,0.19293725,0.21487479
..\KneeXrayData\ClsKLData\kneeKL224\test\0\9810692L.png,0,0,0.21239066,0.19158515,0.20184126,0.18265736,0.21152563
..\KneeXrayData\ClsKLData\kneeKL224\test\0\9810692R.png,0,0,0.21163881,0.19066608,0.20225868,0.184046,0.21139038
..\KneeXrayData\ClsKLData\kneeKL224\test\0\9811924L.png,0,4,0.18734536,0.17534137,0.20567733,0.21027252,0.22136343
..\KneeXrayData\ClsKLData\kneeKL224\test\0\9814464L.png,0,0,0.21258104,0.19213817,0.20166859,0.18196571,0.21164647
..\KneeXrayData\ClsKLData\kneeKL224\test\0\9814464R.png,0,0,0.21237572,0.19178045,0.20180452,0.18249172,0.21154761
..\KneeXrayData\ClsKLData\kneeKL224\test\0\9815657L.png,0,0,0.21186152,0.19094558,0.2021488,0.18375304,0.21129107
..\KneeXrayData\ClsKLData\kneeKL224\test\0\9817136R.png,0,0,0.21296749,0.19239868,0.20146592,0.18136296,0.211805
..\KneeXrayData\ClsKLData\kneeKL224\test\0\9819744R.png,0,4,0.19784838,0.18257338,0.20508209,0.1976802,0.21681593
..\KneeXrayData\ClsKLData\kneeKL224\test\0\9821149L.png,0,0,0.21269369,0.19216636,0.20163393,0.18185648,0.2116495
..\KneeXrayData\ClsKLData\kneeKL224\test\0\9821149R.png,0,0,0.21240933,0.1917764,0.20181635,0.18242632,0.21157162
..\KneeXrayData\ClsKLData\kneeKL224\test\0\9827858L.png,0,4,0.20644441,0.18762565,0.20367241,0.18920699,0.21305051
..\KneeXrayData\ClsKLData\kneeKL224\test\0\9827858R.png,0,4,0.21117091,0.1901955,0.20248422,0.18491793,0.21123144
..\KneeXrayData\ClsKLData\kneeKL224\test\0\9828000L.png,0,0,0.21313627,0.19260657,0.20140798,0.1809111,0.21193811
..\KneeXrayData\ClsKLData\kneeKL224\test\0\9828000R.png,0,0,0.21335718,0.19286469,0.20128684,0.1804465,0.21204478
..\KneeXrayData\ClsKLData\kneeKL224\test\0\9828312L.png,0,0,0.21172446,0.19104186,0.2021535,0.18364888,0.21143132
..\KneeXrayData\ClsKLData\kneeKL224\test\0\9828312R.png,0,4,0.20955965,0.18926802,0.20301509,0.18635955,0.21179768
..\KneeXrayData\ClsKLData\kneeKL224\test\0\9830048L.png,0,0,0.21257745,0.19210741,0.2016653,0.18198831,0.21166155
..\KneeXrayData\ClsKLData\kneeKL224\test\0\9830048R.png,0,0,0.21209237,0.1914184,0.20197102,0.18310352,0.2114147
..\KneeXrayData\ClsKLData\kneeKL224\test\0\9833361L.png,0,4,0.20295298,0.18575767,0.20414524,0.19258887,0.2145552
..\KneeXrayData\ClsKLData\kneeKL224\test\0\9833361R.png,0,4,0.2000545,0.18359618,0.2047447,0.1957694,0.21583529
..\KneeXrayData\ClsKLData\kneeKL224\test\0\9837371L.png,0,4,0.2109225,0.18994609,0.20262423,0.18524903,0.21125814
..\KneeXrayData\ClsKLData\kneeKL224\test\0\9838317L.png,0,4,0.20266995,0.18579212,0.20410687,0.19261476,0.2148163
..\KneeXrayData\ClsKLData\kneeKL224\test\0\9842266L.png,0,0,0.21258959,0.19198859,0.201704,0.18211648,0.21160135
..\KneeXrayData\ClsKLData\kneeKL224\test\0\9842266R.png,0,0,0.21256904,0.19194761,0.20172055,0.18219069,0.21157216
..\KneeXrayData\ClsKLData\kneeKL224\test\0\9842312R.png,0,0,0.21314254,0.19279473,0.20133156,0.1808303,0.21190085
..\KneeXrayData\ClsKLData\kneeKL224\test\0\9842816L.png,0,0,0.2136139,0.19367257,0.20098749,0.17942387,0.21230221
..\KneeXrayData\ClsKLData\kneeKL224\test\0\9847541L.png,0,0,0.21276605,0.19219059,0.20161009,0.18154302,0.21189024
..\KneeXrayData\ClsKLData\kneeKL224\test\0\9848239L.png,0,0,0.21223018,0.1913817,0.20192572,0.18298444,0.21147802
..\KneeXrayData\ClsKLData\kneeKL224\test\0\9848766L.png,0,4,0.20985979,0.1893802,0.20298362,0.18627489,0.21150154
..\KneeXrayData\ClsKLData\kneeKL224\test\0\9848766R.png,0,0,0.21139199,0.1905851,0.2023617,0.1844053,0.21125586
..\KneeXrayData\ClsKLData\kneeKL224\test\0\9850238R.png,0,0,0.21150362,0.19050398,0.20231742,0.18439947,0.21127549
..\KneeXrayData\ClsKLData\kneeKL224\test\0\9850328L.png,0,4,0.19181009,0.17890626,0.20538408,0.20431077,0.21958882
..\KneeXrayData\ClsKLData\kneeKL224\test\0\9850328R.png,0,4,0.18865845,0.17680736,0.2053812,0.20810129,0.22105181
..\KneeXrayData\ClsKLData\kneeKL224\test\0\9850534L.png,0,0,0.21230403,0.1913723,0.2019293,0.18285361,0.21154073
..\KneeXrayData\ClsKLData\kneeKL224\test\0\9850534R.png,0,0,0.21211559,0.19109234,0.20205937,0.18331432,0.21141842
..\KneeXrayData\ClsKLData\kneeKL224\test\0\9854566L.png,0,0,0.21297254,0.19278625,0.20140983,0.18084112,0.2119903
..\KneeXrayData\ClsKLData\kneeKL224\test\0\9854566R.png,0,0,0.2133596,0.19320239,0.20117971,0.18019167,0.21206668
..\KneeXrayData\ClsKLData\kneeKL224\test\0\9854749L.png,0,0,0.21275696,0.19224903,0.20158008,0.181757,0.2116569
..\KneeXrayData\ClsKLData\kneeKL224\test\0\9854749R.png,0,0,0.21237008,0.19170144,0.20181948,0.18259501,0.21151397
..\KneeXrayData\ClsKLData\kneeKL224\test\0\9858252L.png,0,4,0.2069736,0.18808165,0.20343983,0.18847486,0.21303004
..\KneeXrayData\ClsKLData\kneeKL224\test\0\9858252R.png,0,4,0.21094656,0.18989372,0.20260403,0.18536681,0.21118888
..\KneeXrayData\ClsKLData\kneeKL224\test\0\9858747L.png,0,4,0.19798982,0.18259756,0.20507686,0.19768463,0.21665114
..\KneeXrayData\ClsKLData\kneeKL224\test\0\9858747R.png,0,4,0.1828478,0.17270602,0.20482124,0.21594323,0.2236817
..\KneeXrayData\ClsKLData\kneeKL224\test\0\9862321R.png,0,4,0.20901889,0.18924922,0.20304519,0.1864684,0.21221831
..\KneeXrayData\ClsKLData\kneeKL224\test\0\9867315R.png,0,4,0.2092216,0.1887005,0.20321855,0.18717119,0.21168819
..\KneeXrayData\ClsKLData\kneeKL224\test\0\9869788L.png,0,4,0.20540547,0.18716341,0.20378181,0.1901057,0.2135436
..\KneeXrayData\ClsKLData\kneeKL224\test\0\9869788R.png,0,4,0.20035742,0.18381315,0.20500013,0.19527428,0.21555501
..\KneeXrayData\ClsKLData\kneeKL224\test\0\9870268L.png,0,4,0.21099837,0.19051036,0.20242044,0.18445727,0.21161358
..\KneeXrayData\ClsKLData\kneeKL224\test\0\9870268R.png,0,4,0.1837045,0.17342462,0.20502463,0.2146044,0.22324184
..\KneeXrayData\ClsKLData\kneeKL224\test\0\9871608L.png,0,4,0.18148632,0.17124271,0.20518644,0.21797091,0.22411358
..\KneeXrayData\ClsKLData\kneeKL224\test\0\9871608R.png,0,4,0.18110724,0.17106304,0.20496276,0.21858579,0.2242812
..\KneeXrayData\ClsKLData\kneeKL224\test\0\9871731L.png,0,0,0.21493724,0.19535619,0.20021161,0.17634447,0.21315053
..\KneeXrayData\ClsKLData\kneeKL224\test\0\9871731R.png,0,0,0.21481177,0.1953299,0.20024087,0.17650673,0.21311076
..\KneeXrayData\ClsKLData\kneeKL224\test\0\9872350L.png,0,4,0.20763616,0.18895327,0.20314065,0.18706858,0.21320134
..\KneeXrayData\ClsKLData\kneeKL224\test\0\9872350R.png,0,4,0.21064794,0.18983479,0.20270726,0.18556738,0.21124259
..\KneeXrayData\ClsKLData\kneeKL224\test\0\9877790L.png,0,0,0.2121675,0.19156247,0.20191298,0.18281803,0.211539
..\KneeXrayData\ClsKLData\kneeKL224\test\0\9877790R.png,0,0,0.21153437,0.19080508,0.20227098,0.18403102,0.21135849
..\KneeXrayData\ClsKLData\kneeKL224\test\0\9878804L.png,0,0,0.21422651,0.19438517,0.20065589,0.17804874,0.21268374
..\KneeXrayData\ClsKLData\kneeKL224\test\0\9878804R.png,0,0,0.21413699,0.19428082,0.20068863,0.17827532,0.2126182
..\KneeXrayData\ClsKLData\kneeKL224\test\0\9879242L.png,0,0,0.21300855,0.19265272,0.20140396,0.18110874,0.21182601
..\KneeXrayData\ClsKLData\kneeKL224\test\0\9879242R.png,0,0,0.2127368,0.1922956,0.20158511,0.18168306,0.21169946
..\KneeXrayData\ClsKLData\kneeKL224\test\0\9880717L.png,0,0,0.2131406,0.19279474,0.20134024,0.18080214,0.21192227
..\KneeXrayData\ClsKLData\kneeKL224\test\0\9880717R.png,0,0,0.21229658,0.19164053,0.20185873,0.18267936,0.21152478
..\KneeXrayData\ClsKLData\kneeKL224\test\0\9881786L.png,0,0,0.21235579,0.1918227,0.2017949,0.18238282,0.21164379
..\KneeXrayData\ClsKLData\kneeKL224\test\0\9881786R.png,0,0,0.2121723,0.19147202,0.20193172,0.1830025,0.2114214
..\KneeXrayData\ClsKLData\kneeKL224\test\0\9881827R.png,0,4,0.21117628,0.19057907,0.20238289,0.18435596,0.21150579
..\KneeXrayData\ClsKLData\kneeKL224\test\0\9886808L.png,0,0,0.2124567,0.19189921,0.20175579,0.1823022,0.21158613
..\KneeXrayData\ClsKLData\kneeKL224\test\0\9886808R.png,0,0,0.21186726,0.19113821,0.20210525,0.1835182,0.21137114
..\KneeXrayData\ClsKLData\kneeKL224\test\0\9888049L.png,0,0,0.21205834,0.1911189,0.20205894,0.18340383,0.21135995
..\KneeXrayData\ClsKLData\kneeKL224\test\0\9888797L.png,0,4,0.20244789,0.18571374,0.20407714,0.19278812,0.21497312
..\KneeXrayData\ClsKLData\kneeKL224\test\0\9888797R.png,0,4,0.20788893,0.18855639,0.20326293,0.18750294,0.21278885
..\KneeXrayData\ClsKLData\kneeKL224\test\0\9895022L.png,0,4,0.1807788,0.17049639,0.20475475,0.21936336,0.2246067
..\KneeXrayData\ClsKLData\kneeKL224\test\0\9895022R.png,0,4,0.18103462,0.17104647,0.20474862,0.21884355,0.22432673
..\KneeXrayData\ClsKLData\kneeKL224\test\0\9896668L.png,0,0,0.21298856,0.19264355,0.20141622,0.18114215,0.21180949
..\KneeXrayData\ClsKLData\kneeKL224\test\0\9896668R.png,0,0,0.21266079,0.19215234,0.2016244,0.18192154,0.21164092
..\KneeXrayData\ClsKLData\kneeKL224\test\0\9897774R.png,0,4,0.20169774,0.18489213,0.20426017,0.193662,0.2154879
..\KneeXrayData\ClsKLData\kneeKL224\test\0\9900690L.png,0,4,0.21014158,0.18976238,0.2027707,0.18556365,0.21176165
..\KneeXrayData\ClsKLData\kneeKL224\test\0\9900690R.png,0,4,0.2069095,0.1879159,0.20357388,0.18871798,0.2128827
..\KneeXrayData\ClsKLData\kneeKL224\test\0\9902662L.png,0,4,0.20110634,0.1846228,0.20441407,0.19463313,0.2152237
..\KneeXrayData\ClsKLData\kneeKL224\test\0\9904241R.png,0,4,0.18275744,0.17264915,0.20479321,0.21605463,0.22374561
..\KneeXrayData\ClsKLData\kneeKL224\test\0\9906284L.png,0,4,0.21154113,0.19192414,0.20187658,0.18221843,0.21243972
..\KneeXrayData\ClsKLData\kneeKL224\test\0\9906284R.png,0,0,0.2129306,0.19257104,0.20144643,0.18127269,0.21177924
..\KneeXrayData\ClsKLData\kneeKL224\test\0\9907012L.png,0,4,0.20694265,0.18739761,0.20371859,0.18915421,0.21278697
..\KneeXrayData\ClsKLData\kneeKL224\test\0\9907012R.png,0,4,0.21012914,0.18925446,0.20290166,0.18625054,0.21146426
..\KneeXrayData\ClsKLData\kneeKL224\test\0\9909758L.png,0,0,0.21321037,0.19294095,0.2012896,0.18058324,0.21197589
..\KneeXrayData\ClsKLData\kneeKL224\test\0\9909758R.png,0,0,0.21191546,0.19121554,0.2020699,0.18336698,0.21143213
..\KneeXrayData\ClsKLData\kneeKL224\test\0\9910757L.png,0,4,0.19096103,0.17799237,0.20554735,0.20569468,0.21980461
..\KneeXrayData\ClsKLData\kneeKL224\test\0\9911788L.png,0,0,0.21146353,0.19056743,0.20233087,0.18430042,0.21133779
..\KneeXrayData\ClsKLData\kneeKL224\test\0\9911788R.png,0,4,0.21103111,0.1899883,0.20256911,0.18522063,0.21119091
..\KneeXrayData\ClsKLData\kneeKL224\test\0\9919047L.png,0,0,0.21182138,0.19085541,0.20217735,0.18381026,0.21133557
..\KneeXrayData\ClsKLData\kneeKL224\test\0\9919047R.png,0,4,0.21142472,0.1905557,0.20234162,0.18419947,0.21147849
..\KneeXrayData\ClsKLData\kneeKL224\test\0\9919548L.png,0,4,0.20691264,0.18823376,0.20335567,0.18822338,0.21327451
..\KneeXrayData\ClsKLData\kneeKL224\test\0\9919548R.png,0,0,0.21155858,0.19055055,0.20230326,0.18430185,0.2112858
..\KneeXrayData\ClsKLData\kneeKL224\test\0\9921260L.png,0,4,0.1949046,0.18043087,0.20520252,0.20101975,0.21844223
..\KneeXrayData\ClsKLData\kneeKL224\test\0\9921260R.png,0,4,0.19189775,0.1790908,0.20486456,0.20434973,0.21979702
..\KneeXrayData\ClsKLData\kneeKL224\test\0\9924366L.png,0,4,0.20085143,0.18447687,0.20442775,0.19487342,0.21537057
..\KneeXrayData\ClsKLData\kneeKL224\test\0\9926321L.png,0,0,0.21210389,0.19137853,0.20198259,0.18309394,0.21144107
..\KneeXrayData\ClsKLData\kneeKL224\test\0\9926321R.png,0,4,0.20887512,0.18890141,0.20319307,0.18700871,0.21202168
..\KneeXrayData\ClsKLData\kneeKL224\test\0\9927360R.png,0,0,0.21499835,0.19553272,0.20014691,0.17611128,0.21321075
..\KneeXrayData\ClsKLData\kneeKL224\test\0\9929175R.png,0,0,0.21249677,0.19173789,0.20179304,0.18241677,0.21155557
..\KneeXrayData\ClsKLData\kneeKL224\test\0\9935953L.png,0,0,0.2119168,0.19086733,0.20211713,0.18374696,0.21135181
..\KneeXrayData\ClsKLData\kneeKL224\test\0\9935953R.png,0,0,0.2117602,0.19068041,0.20220558,0.18403935,0.21131441
..\KneeXrayData\ClsKLData\kneeKL224\test\0\9938453L.png,0,4,0.18065698,0.17041975,0.20475909,0.21951213,0.224652
..\KneeXrayData\ClsKLData\kneeKL224\test\0\9945026R.png,0,4,0.21111596,0.19029924,0.20245948,0.1845164,0.21160892
..\KneeXrayData\ClsKLData\kneeKL224\test\0\9952817L.png,0,4,0.20526022,0.1876826,0.2035257,0.18941045,0.21412109
..\KneeXrayData\ClsKLData\kneeKL224\test\0\9952817R.png,0,4,0.19998196,0.18378139,0.20491092,0.19548617,0.2158396
..\KneeXrayData\ClsKLData\kneeKL224\test\0\9953596L.png,0,0,0.21302587,0.19254047,0.20142585,0.18113676,0.21187115
..\KneeXrayData\ClsKLData\kneeKL224\test\0\9956295L.png,0,0,0.2127533,0.19242102,0.20153996,0.18143824,0.2118475
..\KneeXrayData\ClsKLData\kneeKL224\test\0\9956295R.png,0,0,0.21238914,0.19192767,0.20176718,0.18220466,0.21171135
..\KneeXrayData\ClsKLData\kneeKL224\test\0\9957226L.png,0,4,0.20326638,0.18701857,0.20360851,0.19077413,0.21533242
..\KneeXrayData\ClsKLData\kneeKL224\test\0\9965823L.png,0,4,0.2064777,0.18790013,0.20354146,0.18883029,0.21325043
..\KneeXrayData\ClsKLData\kneeKL224\test\0\9966343L.png,0,4,0.20578659,0.18756893,0.20361218,0.18944451,0.21358779
..\KneeXrayData\ClsKLData\kneeKL224\test\0\9966343R.png,0,4,0.20407704,0.18621668,0.2040393,0.19136545,0.21430153
..\KneeXrayData\ClsKLData\kneeKL224\test\0\9967815R.png,0,4,0.20955971,0.18927336,0.20299268,0.18636236,0.21181193
..\KneeXrayData\ClsKLData\kneeKL224\test\0\9970801L.png,0,0,0.2151216,0.19523029,0.20031404,0.17605287,0.21328117
..\KneeXrayData\ClsKLData\kneeKL224\test\0\9970801R.png,0,0,0.21515004,0.19527614,0.20029524,0.17597921,0.2132994
..\KneeXrayData\ClsKLData\kneeKL224\test\0\9973199L.png,0,4,0.17961536,0.16961288,0.20463215,0.22101583,0.22512378
..\KneeXrayData\ClsKLData\kneeKL224\test\0\9977273L.png,0,0,0.21191423,0.19125888,0.20204759,0.18325359,0.21152568
..\KneeXrayData\ClsKLData\kneeKL224\test\0\9981815L.png,0,0,0.21210775,0.19131741,0.2019861,0.18319248,0.2113963
..\KneeXrayData\ClsKLData\kneeKL224\test\0\9981815R.png,0,4,0.20921573,0.1895622,0.20286971,0.18595791,0.21239442
..\KneeXrayData\ClsKLData\kneeKL224\test\0\9982698R.png,0,0,0.21183005,0.19125819,0.20207483,0.1833529,0.21148409
..\KneeXrayData\ClsKLData\kneeKL224\test\0\9988921L.png,0,0,0.21251199,0.19165781,0.20176852,0.18248811,0.2115736
..\KneeXrayData\ClsKLData\kneeKL224\test\0\9989352R.png,0,4,0.1931133,0.17971447,0.20526266,0.20296052,0.21894902
..\KneeXrayData\ClsKLData\kneeKL224\test\0\9992843L.png,0,4,0.20243938,0.18584034,0.20397648,0.19260427,0.21513955
..\KneeXrayData\ClsKLData\kneeKL224\test\0\9992843R.png,0,4,0.18319201,0.17297716,0.20491892,0.21542116,0.2234908
..\KneeXrayData\ClsKLData\kneeKL224\test\0\9993362L.png,0,4,0.21090433,0.19053328,0.20241766,0.18437558,0.2117692
..\KneeXrayData\ClsKLData\kneeKL224\test\0\9993362R.png,0,4,0.20599431,0.18717612,0.20373172,0.18985175,0.2132461
..\KneeXrayData\ClsKLData\kneeKL224\test\0\9993442L.png,0,0,0.21360561,0.19340587,0.20107,0.17963429,0.21228422
..\KneeXrayData\ClsKLData\kneeKL224\test\0\9994363R.png,0,4,0.19014099,0.17772385,0.2055226,0.20640516,0.22020742
..\KneeXrayData\ClsKLData\kneeKL224\test\0\9996086L.png,0,4,0.19177425,0.17805761,0.20498082,0.20509183,0.22009549
..\KneeXrayData\ClsKLData\kneeKL224\test\0\9996086R.png,0,4,0.21047594,0.18940155,0.20280793,0.18602088,0.21129371
..\KneeXrayData\ClsKLData\kneeKL224\test\0\9998089L.png,0,4,0.18536544,0.17389467,0.20516127,0.21282437,0.22275427
..\KneeXrayData\ClsKLData\kneeKL224\test\1\9001400L.png,1,4,0.2113091,0.19050065,0.20238507,0.18442656,0.21137863
..\KneeXrayData\ClsKLData\kneeKL224\test\1\9001400R.png,1,4,0.21096945,0.1901727,0.20253006,0.18493627,0.21139154
..\KneeXrayData\ClsKLData\kneeKL224\test\1\9004184L.png,1,0,0.21205053,0.19110349,0.20204592,0.18338639,0.21141362
..\KneeXrayData\ClsKLData\kneeKL224\test\1\9008934L.png,1,0,0.21189713,0.19118088,0.20207015,0.18339318,0.21145862
..\KneeXrayData\ClsKLData\kneeKL224\test\1\9008934R.png,1,0,0.21199737,0.19111776,0.20204219,0.18347342,0.21136923
..\KneeXrayData\ClsKLData\kneeKL224\test\1\9016304L.png,1,4,0.19944881,0.183759,0.20485641,0.19597614,0.21595964
..\KneeXrayData\ClsKLData\kneeKL224\test\1\9017252R.png,1,4,0.20784858,0.188285,0.20343167,0.18792251,0.21251225
..\KneeXrayData\ClsKLData\kneeKL224\test\1\9017419L.png,1,4,0.20946711,0.1892319,0.20298596,0.18645278,0.21186224
..\KneeXrayData\ClsKLData\kneeKL224\test\1\9017876L.png,1,0,0.2118968,0.19097048,0.20210412,0.18370664,0.21132198
..\KneeXrayData\ClsKLData\kneeKL224\test\1\9018291L.png,1,0,0.2118418,0.19096205,0.20212784,0.18371882,0.21134952
..\KneeXrayData\ClsKLData\kneeKL224\test\1\9018291R.png,1,0,0.21126437,0.19027346,0.20244633,0.18481301,0.21120282
..\KneeXrayData\ClsKLData\kneeKL224\test\1\9021428L.png,1,0,0.21146122,0.19049491,0.20235747,0.18438973,0.21129669
..\KneeXrayData\ClsKLData\kneeKL224\test\1\9022408R.png,1,0,0.21213484,0.19133005,0.20195895,0.18315545,0.21142074
..\KneeXrayData\ClsKLData\kneeKL224\test\1\9035317R.png,1,4,0.20864975,0.18854937,0.20327829,0.18741062,0.21211195
..\KneeXrayData\ClsKLData\kneeKL224\test\1\9046206R.png,1,0,0.21162029,0.19053698,0.20227492,0.18427691,0.2112909
..\KneeXrayData\ClsKLData\kneeKL224\test\1\9048789R.png,1,0,0.21178266,0.19080749,0.20218113,0.18391246,0.21131629
..\KneeXrayData\ClsKLData\kneeKL224\test\1\9049447L.png,1,0,0.21250948,0.19173677,0.20177844,0.18238373,0.21159163
..\KneeXrayData\ClsKLData\kneeKL224\test\1\9049999L.png,1,0,0.212436,0.19184813,0.20177694,0.1823725,0.21156645
..\KneeXrayData\ClsKLData\kneeKL224\test\1\9049999R.png,1,0,0.21229318,0.1915659,0.2018655,0.18278904,0.2114864
..\KneeXrayData\ClsKLData\kneeKL224\test\1\9055038L.png,1,0,0.21409827,0.19385733,0.20087266,0.17861187,0.21255991
..\KneeXrayData\ClsKLData\kneeKL224\test\1\9055038R.png,1,0,0.21409735,0.19385308,0.20088059,0.1785954,0.21257359
..\KneeXrayData\ClsKLData\kneeKL224\test\1\9055361R.png,1,4,0.20857874,0.18886946,0.20317416,0.18702397,0.21235365
..\KneeXrayData\ClsKLData\kneeKL224\test\1\9070903R.png,1,0,0.21269462,0.19190733,0.20169976,0.18202338,0.21167493
..\KneeXrayData\ClsKLData\kneeKL224\test\1\9072956L.png,1,0,0.21351093,0.19340238,0.20107904,0.17981666,0.21219096
..\KneeXrayData\ClsKLData\kneeKL224\test\1\9072956R.png,1,0,0.21309215,0.19280937,0.20134023,0.18084788,0.21191037
..\KneeXrayData\ClsKLData\kneeKL224\test\1\9079361L.png,1,0,0.21179421,0.19094712,0.20215255,0.1836505,0.21145558
..\KneeXrayData\ClsKLData\kneeKL224\test\1\9079361R.png,1,0,0.21244514,0.19168264,0.2018052,0.18247852,0.2115885
..\KneeXrayData\ClsKLData\kneeKL224\test\1\9088345L.png,1,0,0.21176091,0.1908007,0.20219277,0.18386301,0.21138263
..\KneeXrayData\ClsKLData\kneeKL224\test\1\9088345R.png,1,0,0.21250927,0.19170457,0.20179999,0.18241021,0.21157593
..\KneeXrayData\ClsKLData\kneeKL224\test\1\9091623L.png,1,4,0.19242802,0.17865843,0.20495248,0.20403248,0.21992864
..\KneeXrayData\ClsKLData\kneeKL224\test\1\9091623R.png,1,4,0.21053264,0.18957843,0.20276864,0.18572631,0.21139401
..\KneeXrayData\ClsKLData\kneeKL224\test\1\9094783L.png,1,0,0.21207547,0.19128388,0.20199868,0.18322797,0.21141398
..\KneeXrayData\ClsKLData\kneeKL224\test\1\9101076L.png,1,4,0.21087265,0.19083683,0.2023147,0.18393457,0.21204129
..\KneeXrayData\ClsKLData\kneeKL224\test\1\9101076R.png,1,0,0.21150842,0.19087134,0.2022344,0.18393296,0.21145284
..\KneeXrayData\ClsKLData\kneeKL224\test\1\9102440R.png,1,4,0.2101423,0.18938535,0.20291105,0.18614721,0.2114141
..\KneeXrayData\ClsKLData\kneeKL224\test\1\9103811L.png,1,0,0.21276464,0.19222978,0.20157579,0.1817502,0.21167958
..\KneeXrayData\ClsKLData\kneeKL224\test\1\9107048L.png,1,0,0.21398494,0.1937491,0.20091459,0.17883599,0.21251535
..\KneeXrayData\ClsKLData\kneeKL224\test\1\9107048R.png,1,0,0.21415687,0.19397749,0.20081672,0.17841959,0.21262936
..\KneeXrayData\ClsKLData\kneeKL224\test\1\9120059L.png,1,4,0.20801237,0.18886706,0.20315966,0.18714097,0.21281987
..\KneeXrayData\ClsKLData\kneeKL224\test\1\9144384L.png,1,0,0.21275643,0.1923047,0.20157588,0.18162543,0.21173757
..\KneeXrayData\ClsKLData\kneeKL224\test\1\9149679L.png,1,0,0.21388245,0.19404939,0.20080832,0.17881532,0.21244451
..\KneeXrayData\ClsKLData\kneeKL224\test\1\9157304L.png,1,0,0.21266471,0.19189213,0.20172518,0.18209265,0.2116253
..\KneeXrayData\ClsKLData\kneeKL224\test\1\9157304R.png,1,0,0.21292375,0.19227855,0.20154917,0.18146043,0.2117881
..\KneeXrayData\ClsKLData\kneeKL224\test\1\9170011R.png,1,3,0.17281377,0.16423656,0.2030392,0.23194537,0.22796509
..\KneeXrayData\ClsKLData\kneeKL224\test\1\9173950L.png,1,4,0.19236189,0.179106,0.20551187,0.20371404,0.2193062
..\KneeXrayData\ClsKLData\kneeKL224\test\1\9175571L.png,1,4,0.20341009,0.18680952,0.20367771,0.19099173,0.2151109
..\KneeXrayData\ClsKLData\kneeKL224\test\1\9175571R.png,1,4,0.20232877,0.18518656,0.20430115,0.19324705,0.21493647
..\KneeXrayData\ClsKLData\kneeKL224\test\1\9177408R.png,1,4,0.20952773,0.18896629,0.20310616,0.1867095,0.21169034
..\KneeXrayData\ClsKLData\kneeKL224\test\1\9183590R.png,1,4,0.21103102,0.19000971,0.20255832,0.18516752,0.21123344
..\KneeXrayData\ClsKLData\kneeKL224\test\1\9192363R.png,1,4,0.19942339,0.18325134,0.2049064,0.19632912,0.2160897
..\KneeXrayData\ClsKLData\kneeKL224\test\1\9197466R.png,1,4,0.20519221,0.18680052,0.2039806,0.19042715,0.21359955
..\KneeXrayData\ClsKLData\kneeKL224\test\1\9201046L.png,1,0,0.21211526,0.19113153,0.20205182,0.18332738,0.21137407
..\KneeXrayData\ClsKLData\kneeKL224\test\1\9207798L.png,1,0,0.21119606,0.19003063,0.2025391,0.18506035,0.2111738
..\KneeXrayData\ClsKLData\kneeKL224\test\1\9207798R.png,1,4,0.21083608,0.18971092,0.20268255,0.18557414,0.21119627
..\KneeXrayData\ClsKLData\kneeKL224\test\1\9211261L.png,1,0,0.2121596,0.19124927,0.2020329,0.18311512,0.2114431
..\KneeXrayData\ClsKLData\kneeKL224\test\1\9220251R.png,1,0,0.21197292,0.19088554,0.20215642,0.18359208,0.211393
..\KneeXrayData\ClsKLData\kneeKL224\test\1\9224061L.png,1,4,0.2034353,0.1860622,0.2041772,0.19198777,0.21433753
..\KneeXrayData\ClsKLData\kneeKL224\test\1\9229496R.png,1,4,0.20638628,0.187517,0.20373052,0.18915746,0.21320872
..\KneeXrayData\ClsKLData\kneeKL224\test\1\9232259R.png,1,0,0.21200341,0.19099557,0.20209146,0.18343928,0.21147025
..\KneeXrayData\ClsKLData\kneeKL224\test\1\9237974R.png,1,0,0.2113361,0.19027628,0.20240965,0.18474732,0.21123068
..\KneeXrayData\ClsKLData\kneeKL224\test\1\9241424L.png,1,0,0.21283785,0.19250345,0.20150697,0.18138587,0.21176589
..\KneeXrayData\ClsKLData\kneeKL224\test\1\9241424R.png,1,0,0.21278697,0.19237387,0.20153356,0.18158989,0.21171576
..\KneeXrayData\ClsKLData\kneeKL224\test\1\9242547R.png,1,4,0.18495674,0.17419595,0.20497948,0.2130545,0.2228134
..\KneeXrayData\ClsKLData\kneeKL224\test\1\9245448L.png,1,4,0.20363571,0.18665253,0.20374608,0.19115928,0.21480638
..\KneeXrayData\ClsKLData\kneeKL224\test\1\9245448R.png,1,4,0.20648047,0.18754147,0.2037921,0.18908481,0.21310112
..\KneeXrayData\ClsKLData\kneeKL224\test\1\9247270L.png,1,4,0.20896158,0.18943489,0.20292011,0.18614548,0.21253791
..\KneeXrayData\ClsKLData\kneeKL224\test\1\9247270R.png,1,0,0.21187976,0.19108027,0.20212184,0.18348458,0.2114335
..\KneeXrayData\ClsKLData\kneeKL224\test\1\9249025L.png,1,4,0.18938348,0.17659108,0.20519271,0.20768276,0.22114998
..\KneeXrayData\ClsKLData\kneeKL224\test\1\9250682L.png,1,0,0.21390939,0.19368775,0.20093212,0.17902577,0.21244499
..\KneeXrayData\ClsKLData\kneeKL224\test\1\9250756L.png,1,4,0.19795364,0.18228942,0.20504662,0.19825822,0.21645212
..\KneeXrayData\ClsKLData\kneeKL224\test\1\9252019R.png,1,4,0.2076079,0.18790157,0.20352337,0.18847938,0.21248776
..\KneeXrayData\ClsKLData\kneeKL224\test\1\9255053L.png,1,4,0.21135528,0.1905718,0.20234814,0.1842753,0.21144949
..\KneeXrayData\ClsKLData\kneeKL224\test\1\9255535R.png,1,4,0.21059167,0.18978399,0.20265602,0.18537745,0.21159086
..\KneeXrayData\ClsKLData\kneeKL224\test\1\9255715R.png,1,0,0.2140109,0.19384903,0.20085719,0.1787714,0.21251148
..\KneeXrayData\ClsKLData\kneeKL224\test\1\9264781R.png,1,4,0.21073556,0.19023919,0.20253444,0.18482587,0.21166496
..\KneeXrayData\ClsKLData\kneeKL224\test\1\9273964L.png,1,0,0.21259302,0.1924042,0.20156747,0.18116482,0.21227053
..\KneeXrayData\ClsKLData\kneeKL224\test\1\9274833R.png,1,4,0.18407762,0.17364323,0.2049692,0.21414694,0.22316301
..\KneeXrayData\ClsKLData\kneeKL224\test\1\9281025L.png,1,0,0.21219027,0.1912646,0.20198429,0.18313855,0.2114223
..\KneeXrayData\ClsKLData\kneeKL224\test\1\9283903L.png,1,0,0.21273535,0.19218896,0.20160767,0.18182313,0.21164489
..\KneeXrayData\ClsKLData\kneeKL224\test\1\9287295R.png,1,0,0.21335754,0.19301996,0.20123428,0.18026185,0.21212637
..\KneeXrayData\ClsKLData\kneeKL224\test\1\9290697L.png,1,0,0.2143066,0.19461448,0.20056501,0.17775661,0.21275732
..\KneeXrayData\ClsKLData\kneeKL224\test\1\9302340L.png,1,4,0.20146067,0.18481544,0.20455614,0.19405127,0.21511647
..\KneeXrayData\ClsKLData\kneeKL224\test\1\9304828R.png,1,4,0.1825378,0.17242594,0.2047324,0.2164205,0.22388338
..\KneeXrayData\ClsKLData\kneeKL224\test\1\9305336R.png,1,0,0.21150461,0.19046022,0.2023327,0.1844056,0.21129683
..\KneeXrayData\ClsKLData\kneeKL224\test\1\9307098L.png,1,4,0.20383137,0.186358,0.20407932,0.19133845,0.21439287
..\KneeXrayData\ClsKLData\kneeKL224\test\1\9311154R.png,1,4,0.20995826,0.18925115,0.2028616,0.186212,0.21171701
..\KneeXrayData\ClsKLData\kneeKL224\test\1\9327385L.png,1,4,0.2082957,0.18828547,0.20339036,0.18767947,0.21234904
..\KneeXrayData\ClsKLData\kneeKL224\test\1\9327385R.png,1,0,0.21318182,0.19271106,0.2013683,0.18078294,0.2119559
..\KneeXrayData\ClsKLData\kneeKL224\test\1\9341167L.png,1,4,0.19429764,0.18057877,0.20531745,0.20148659,0.21831952
..\KneeXrayData\ClsKLData\kneeKL224\test\1\9355129L.png,1,4,0.21101192,0.18996501,0.2025876,0.18518275,0.21125278
..\KneeXrayData\ClsKLData\kneeKL224\test\1\9369649R.png,1,0,0.21270129,0.19200626,0.20167899,0.18196347,0.21164998
..\KneeXrayData\ClsKLData\kneeKL224\test\1\9370366L.png,1,4,0.204045,0.18615177,0.20420378,0.19183457,0.21376488
..\KneeXrayData\ClsKLData\kneeKL224\test\1\9376210L.png,1,4,0.18272632,0.17220892,0.20479116,0.21624446,0.2240292
..\KneeXrayData\ClsKLData\kneeKL224\test\1\9376298L.png,1,0,0.21192975,0.19103841,0.20210232,0.18356645,0.21136306
..\KneeXrayData\ClsKLData\kneeKL224\test\1\9376298R.png,1,0,0.21140873,0.19045067,0.20234832,0.18448909,0.2113032
..\KneeXrayData\ClsKLData\kneeKL224\test\1\9376430L.png,1,4,0.20531267,0.18725708,0.20370023,0.18990448,0.21382554
..\KneeXrayData\ClsKLData\kneeKL224\test\1\9376430R.png,1,4,0.20607015,0.18739685,0.20376942,0.18930265,0.21346089
..\KneeXrayData\ClsKLData\kneeKL224\test\1\9379540R.png,1,0,0.21182024,0.1909393,0.20215157,0.18364376,0.21144512
..\KneeXrayData\ClsKLData\kneeKL224\test\1\9383254L.png,1,4,0.19069433,0.17755559,0.20512083,0.206027,0.22060218
..\KneeXrayData\ClsKLData\kneeKL224\test\1\9384158L.png,1,4,0.20173907,0.1850579,0.20423427,0.19377074,0.21519804
..\KneeXrayData\ClsKLData\kneeKL224\test\1\9393975L.png,1,0,0.2118033,0.19096181,0.2021606,0.18381569,0.21125862
..\KneeXrayData\ClsKLData\kneeKL224\test\1\9396242R.png,1,0,0.21243943,0.19156018,0.20185998,0.18257853,0.21156189
..\KneeXrayData\ClsKLData\kneeKL224\test\1\9397088L.png,1,4,0.21148783,0.19079225,0.20224312,0.1839546,0.21152222
..\KneeXrayData\ClsKLData\kneeKL224\test\1\9397088R.png,1,0,0.2114165,0.19043167,0.20235851,0.18455008,0.21124332
..\KneeXrayData\ClsKLData\kneeKL224\test\1\9402978R.png,1,0,0.2145631,0.19501968,0.20037544,0.17709312,0.21294875
..\KneeXrayData\ClsKLData\kneeKL224\test\1\9409198R.png,1,4,0.20822623,0.18831903,0.20319635,0.1877812,0.2124772
..\KneeXrayData\ClsKLData\kneeKL224\test\1\9409935L.png,1,4,0.20785253,0.1886753,0.20322748,0.18746299,0.21278176
..\KneeXrayData\ClsKLData\kneeKL224\test\1\9410253L.png,1,4,0.201547,0.18463898,0.2044353,0.19401574,0.215363
..\KneeXrayData\ClsKLData\kneeKL224\test\1\9410253R.png,1,4,0.2075345,0.18830147,0.20336889,0.18797708,0.21281809
..\KneeXrayData\ClsKLData\kneeKL224\test\1\9413279R.png,1,3,0.17200348,0.16348869,0.20271805,0.23349053,0.22829923
..\KneeXrayData\ClsKLData\kneeKL224\test\1\9416102L.png,1,4,0.20199041,0.1843751,0.20455346,0.19405541,0.21502565
..\KneeXrayData\ClsKLData\kneeKL224\test\1\9419076L.png,1,4,0.20716207,0.18856919,0.20324905,0.18771136,0.21330833
..\KneeXrayData\ClsKLData\kneeKL224\test\1\9420682L.png,1,0,0.21345058,0.19311562,0.20121217,0.18006809,0.21215355
..\KneeXrayData\ClsKLData\kneeKL224\test\1\9430234L.png,1,0,0.21225016,0.19133267,0.201935,0.1830026,0.21147957
..\KneeXrayData\ClsKLData\kneeKL224\test\1\9430234R.png,1,0,0.21233952,0.19143021,0.20188905,0.1827783,0.21156295
..\KneeXrayData\ClsKLData\kneeKL224\test\1\9437009L.png,1,0,0.21221228,0.19134834,0.20193553,0.18308266,0.21142116
..\KneeXrayData\ClsKLData\kneeKL224\test\1\9445318R.png,1,4,0.20455325,0.18610582,0.20385036,0.19153664,0.21395394
..\KneeXrayData\ClsKLData\kneeKL224\test\1\9448315R.png,1,4,0.20330167,0.18561432,0.20430934,0.19227974,0.21449488
..\KneeXrayData\ClsKLData\kneeKL224\test\1\9449511R.png,1,4,0.20954475,0.18951868,0.202867,0.18591121,0.21215835
..\KneeXrayData\ClsKLData\kneeKL224\test\1\9457090L.png,1,0,0.2125782,0.19190723,0.20170441,0.1822168,0.21159342
..\KneeXrayData\ClsKLData\kneeKL224\test\1\9460225L.png,1,4,0.19997409,0.18389146,0.20471974,0.19526233,0.21615237
..\KneeXrayData\ClsKLData\kneeKL224\test\1\9462532L.png,1,0,0.2119854,0.19101486,0.20209694,0.18355256,0.21135029
..\KneeXrayData\ClsKLData\kneeKL224\test\1\9466142L.png,1,0,0.21129,0.19030078,0.20242128,0.1847367,0.21125126
..\KneeXrayData\ClsKLData\kneeKL224\test\1\9471287L.png,1,4,0.17734194,0.16779757,0.20426288,0.22449589,0.22610179
..\KneeXrayData\ClsKLData\kneeKL224\test\1\9471287R.png,1,4,0.18229216,0.1721012,0.2047709,0.21695468,0.22388104
..\KneeXrayData\ClsKLData\kneeKL224\test\1\9473302R.png,1,3,0.17220393,0.16369295,0.20280287,0.23307884,0.22822145
..\KneeXrayData\ClsKLData\kneeKL224\test\1\9473912L.png,1,4,0.21071872,0.19010653,0.20255536,0.18504253,0.21157688
..\KneeXrayData\ClsKLData\kneeKL224\test\1\9473912R.png,1,0,0.21183392,0.19091228,0.20213054,0.18382075,0.21130249
..\KneeXrayData\ClsKLData\kneeKL224\test\1\9474706L.png,1,0,0.21409601,0.19397217,0.20080346,0.17856708,0.21256126
..\KneeXrayData\ClsKLData\kneeKL224\test\1\9474706R.png,1,0,0.21358016,0.1932734,0.20111416,0.1798276,0.21220472
..\KneeXrayData\ClsKLData\kneeKL224\test\1\9476561L.png,1,0,0.21201584,0.19112208,0.20207164,0.18338746,0.21140298
..\KneeXrayData\ClsKLData\kneeKL224\test\1\9486408R.png,1,4,0.21067442,0.18973163,0.2027151,0.18561614,0.2112627
..\KneeXrayData\ClsKLData\kneeKL224\test\1\9486748L.png,1,4,0.20367604,0.18693797,0.20361295,0.19069576,0.21507727
..\KneeXrayData\ClsKLData\kneeKL224\test\1\9487842L.png,1,4,0.20270303,0.18615428,0.20382874,0.19206828,0.21524572
..\KneeXrayData\ClsKLData\kneeKL224\test\1\9488401R.png,1,4,0.20806727,0.18876259,0.20322019,0.18725169,0.21269822
..\KneeXrayData\ClsKLData\kneeKL224\test\1\9488834L.png,1,4,0.2117314,0.19119485,0.20209041,0.18323086,0.2117525
..\KneeXrayData\ClsKLData\kneeKL224\test\1\9493869L.png,1,4,0.20132396,0.18492228,0.20430963,0.1940974,0.21534672
..\KneeXrayData\ClsKLData\kneeKL224\test\1\9493869R.png,1,4,0.19753924,0.18232104,0.20515037,0.19802862,0.21696073
..\KneeXrayData\ClsKLData\kneeKL224\test\1\9495071L.png,1,0,0.21406415,0.19402154,0.20078814,0.17858501,0.2125412
..\KneeXrayData\ClsKLData\kneeKL224\test\1\9495873L.png,1,4,0.21021172,0.18989602,0.2026896,0.18539882,0.21180381
..\KneeXrayData\ClsKLData\kneeKL224\test\1\9507392L.png,1,4,0.18413503,0.17324504,0.2052053,0.21431282,0.22310185
..\KneeXrayData\ClsKLData\kneeKL224\test\1\9516833R.png,1,4,0.18661185,0.17527106,0.20531608,0.21082932,0.22197172
..\KneeXrayData\ClsKLData\kneeKL224\test\1\9517833L.png,1,0,0.21319556,0.1929422,0.20127594,0.1806645,0.21192175
..\KneeXrayData\ClsKLData\kneeKL224\test\1\9518337R.png,1,4,0.19529171,0.18085831,0.20547366,0.2004588,0.2179175
..\KneeXrayData\ClsKLData\kneeKL224\test\1\9521440R.png,1,0,0.2116586,0.19063821,0.20226184,0.18419957,0.21124175
..\KneeXrayData\ClsKLData\kneeKL224\test\1\9522881L.png,1,4,0.20330568,0.1865767,0.20374544,0.19135594,0.21501628
..\KneeXrayData\ClsKLData\kneeKL224\test\1\9526434L.png,1,0,0.2120713,0.19114725,0.20203884,0.18337628,0.21136634
..\KneeXrayData\ClsKLData\kneeKL224\test\1\9526434R.png,1,0,0.21246348,0.19165808,0.20181322,0.18248457,0.21158066
..\KneeXrayData\ClsKLData\kneeKL224\test\1\9544188L.png,1,0,0.21338539,0.19326061,0.20114526,0.18013905,0.2120697
..\KneeXrayData\ClsKLData\kneeKL224\test\1\9552548L.png,1,4,0.19187531,0.17817791,0.20500153,0.20491575,0.22002947
..\KneeXrayData\ClsKLData\kneeKL224\test\1\9552835R.png,1,4,0.18875197,0.17689362,0.20515023,0.20812345,0.22108072
..\KneeXrayData\ClsKLData\kneeKL224\test\1\9555397L.png,1,0,0.2127561,0.19228423,0.20160085,0.18164095,0.21171796
..\KneeXrayData\ClsKLData\kneeKL224\test\1\9555397R.png,1,0,0.21288447,0.19244057,0.20150861,0.18143086,0.21173549
..\KneeXrayData\ClsKLData\kneeKL224\test\1\9564716R.png,1,4,0.2084893,0.18844573,0.20330837,0.18759638,0.2121602
..\KneeXrayData\ClsKLData\kneeKL224\test\1\9565513R.png,1,4,0.20992318,0.18974115,0.20265096,0.18544729,0.2122374
..\KneeXrayData\ClsKLData\kneeKL224\test\1\9568180L.png,1,0,0.21349765,0.1935261,0.20106615,0.17964679,0.21226329
..\KneeXrayData\ClsKLData\kneeKL224\test\1\9572192R.png,1,0,0.21205191,0.19131698,0.20200655,0.18324691,0.21137759
..\KneeXrayData\ClsKLData\kneeKL224\test\1\9572632L.png,1,0,0.21129097,0.19015756,0.20246026,0.18486603,0.21122515
..\KneeXrayData\ClsKLData\kneeKL224\test\1\9572632R.png,1,4,0.21144992,0.19057424,0.20232433,0.1841055,0.211546
..\KneeXrayData\ClsKLData\kneeKL224\test\1\9574069L.png,1,4,0.18437651,0.1735371,0.20500559,0.2136979,0.22338286
..\KneeXrayData\ClsKLData\kneeKL224\test\1\9575697L.png,1,0,0.21295246,0.19262785,0.20143831,0.18116532,0.21181603
..\KneeXrayData\ClsKLData\kneeKL224\test\1\9583746R.png,1,4,0.2075399,0.18802552,0.20329268,0.18828046,0.21286145
..\KneeXrayData\ClsKLData\kneeKL224\test\1\9589735R.png,1,4,0.19922929,0.18336847,0.2048018,0.19619063,0.21640985
..\KneeXrayData\ClsKLData\kneeKL224\test\1\9597148L.png,1,3,0.17248908,0.16393685,0.20290248,0.23254475,0.2281268
..\KneeXrayData\ClsKLData\kneeKL224\test\1\9597680L.png,1,4,0.20579031,0.18774836,0.20353302,0.1888738,0.21405455
..\KneeXrayData\ClsKLData\kneeKL224\test\1\9597680R.png,1,0,0.21326923,0.19307032,0.2012505,0.1801557,0.21225423
..\KneeXrayData\ClsKLData\kneeKL224\test\1\9599673L.png,1,0,0.21208327,0.19108301,0.20206577,0.18338136,0.21138653
..\KneeXrayData\ClsKLData\kneeKL224\test\1\9607705L.png,1,4,0.20117962,0.18480258,0.20430651,0.19432086,0.21539041
..\KneeXrayData\ClsKLData\kneeKL224\test\1\9607705R.png,1,4,0.2014209,0.18453237,0.20444578,0.19427231,0.21532863
..\KneeXrayData\ClsKLData\kneeKL224\test\1\9615638R.png,1,0,0.21242405,0.19175762,0.20178719,0.182502,0.21152914
..\KneeXrayData\ClsKLData\kneeKL224\test\1\9615754L.png,1,4,0.20169729,0.18513182,0.20421915,0.19382288,0.21512887
..\KneeXrayData\ClsKLData\kneeKL224\test\1\9617689L.png,1,4,0.21193913,0.19205108,0.20178959,0.18200734,0.2122128
..\KneeXrayData\ClsKLData\kneeKL224\test\1\9617689R.png,1,4,0.2043434,0.18697375,0.2038354,0.19031179,0.21453564
..\KneeXrayData\ClsKLData\kneeKL224\test\1\9622970R.png,1,4,0.1821979,0.17211917,0.20478106,0.217035,0.22386684
..\KneeXrayData\ClsKLData\kneeKL224\test\1\9629890L.png,1,4,0.20110093,0.18468902,0.2043654,0.1944477,0.21539699
..\KneeXrayData\ClsKLData\kneeKL224\test\1\9632586L.png,1,4,0.2091358,0.18880263,0.20316783,0.186925,0.21196873
..\KneeXrayData\ClsKLData\kneeKL224\test\1\9647679R.png,1,4,0.20976494,0.1893139,0.20294335,0.18622233,0.21175545
..\KneeXrayData\ClsKLData\kneeKL224\test\1\9649602R.png,1,4,0.21154907,0.1916419,0.2020123,0.18268052,0.21211624
..\KneeXrayData\ClsKLData\kneeKL224\test\1\9654702L.png,1,4,0.20352751,0.18575172,0.20416582,0.19208764,0.21446727
..\KneeXrayData\ClsKLData\kneeKL224\test\1\9656696R.png,1,0,0.21256265,0.19177657,0.20174503,0.18231237,0.21160339
..\KneeXrayData\ClsKLData\kneeKL224\test\1\9660697L.png,1,0,0.21134396,0.19055688,0.2023694,0.1844411,0.2112886
..\KneeXrayData\ClsKLData\kneeKL224\test\1\9663428R.png,1,4,0.20949301,0.18869905,0.2031822,0.18717098,0.21145476
..\KneeXrayData\ClsKLData\kneeKL224\test\1\9666974L.png,1,0,0.21527997,0.19549906,0.20020005,0.17564234,0.21337853
..\KneeXrayData\ClsKLData\kneeKL224\test\1\9666974R.png,1,0,0.21529022,0.19552355,0.20018888,0.17561159,0.21338579
..\KneeXrayData\ClsKLData\kneeKL224\test\1\9667445L.png,1,0,0.21222922,0.19150686,0.20191881,0.18289322,0.21145189
..\KneeXrayData\ClsKLData\kneeKL224\test\1\9667445R.png,1,0,0.21132983,0.19051321,0.20238112,0.18444684,0.21132904
..\KneeXrayData\ClsKLData\kneeKL224\test\1\9671988R.png,1,4,0.19516481,0.18100521,0.20544621,0.20042425,0.21795946
..\KneeXrayData\ClsKLData\kneeKL224\test\1\9675129R.png,1,0,0.21412237,0.19387841,0.20086199,0.17856216,0.21257505
..\KneeXrayData\ClsKLData\kneeKL224\test\1\9677770L.png,1,0,0.21253787,0.19207078,0.20169392,0.1820808,0.2116166
..\KneeXrayData\ClsKLData\kneeKL224\test\1\9680874L.png,1,0,0.21309483,0.19287202,0.20134215,0.18068181,0.21200916
..\KneeXrayData\ClsKLData\kneeKL224\test\1\9688338L.png,1,4,0.20401324,0.18742675,0.20350108,0.1900245,0.21503437
..\KneeXrayData\ClsKLData\kneeKL224\test\1\9688649R.png,1,4,0.20735084,0.18789683,0.2035659,0.18851262,0.21267378
..\KneeXrayData\ClsKLData\kneeKL224\test\1\9692368L.png,1,0,0.2135915,0.1935336,0.20103468,0.17962046,0.21221977
..\KneeXrayData\ClsKLData\kneeKL224\test\1\9692368R.png,1,0,0.21345392,0.19326511,0.20114222,0.18003035,0.21210836
..\KneeXrayData\ClsKLData\kneeKL224\test\1\9695379L.png,1,0,0.2132555,0.19303094,0.20125508,0.1804716,0.21198687
..\KneeXrayData\ClsKLData\kneeKL224\test\1\9695379R.png,1,0,0.21361107,0.19352162,0.20102519,0.17962688,0.21221532
..\KneeXrayData\ClsKLData\kneeKL224\test\1\9698137L.png,1,4,0.2110446,0.1905078,0.20242837,0.18444116,0.21157807
..\KneeXrayData\ClsKLData\kneeKL224\test\1\9698980L.png,1,0,0.21379875,0.19383541,0.20089763,0.1790816,0.2123866
..\KneeXrayData\ClsKLData\kneeKL224\test\1\9698980R.png,1,0,0.21334298,0.19319168,0.20117545,0.1802202,0.21206966
..\KneeXrayData\ClsKLData\kneeKL224\test\1\9700314R.png,1,4,0.21065232,0.18968567,0.20271279,0.18563677,0.21131247
..\KneeXrayData\ClsKLData\kneeKL224\test\1\9705415R.png,1,4,0.19893724,0.18297926,0.20493191,0.19683178,0.21631981
..\KneeXrayData\ClsKLData\kneeKL224\test\1\9706172L.png,1,0,0.21138152,0.19036254,0.20238556,0.18464738,0.21122302
..\KneeXrayData\ClsKLData\kneeKL224\test\1\9713986L.png,1,0,0.21150662,0.19037524,0.20239055,0.1844931,0.21123447
..\KneeXrayData\ClsKLData\kneeKL224\test\1\9718992R.png,1,4,0.19005632,0.17778865,0.20544013,0.20628011,0.22043478
..\KneeXrayData\ClsKLData\kneeKL224\test\1\9719999L.png,1,0,0.21237308,0.19170967,0.20181954,0.18259859,0.2114991
..\KneeXrayData\ClsKLData\kneeKL224\test\1\9721192R.png,1,4,0.20718941,0.18788797,0.20356481,0.18851541,0.21284235
..\KneeXrayData\ClsKLData\kneeKL224\test\1\9722173L.png,1,0,0.21198031,0.1911127,0.20204255,0.18343288,0.21143162
..\KneeXrayData\ClsKLData\kneeKL224\test\1\9722173R.png,1,0,0.2116868,0.19067535,0.20222688,0.18410994,0.21130106
..\KneeXrayData\ClsKLData\kneeKL224\test\1\9725724L.png,1,0,0.2119062,0.19098634,0.2021204,0.18366255,0.21132444
..\KneeXrayData\ClsKLData\kneeKL224\test\1\9728094L.png,1,3,0.17203715,0.1635373,0.202742,0.2334117,0.22827183
..\KneeXrayData\ClsKLData\kneeKL224\test\1\9728094R.png,1,3,0.1720323,0.16352597,0.20273572,0.23342684,0.22827922
..\KneeXrayData\ClsKLData\kneeKL224\test\1\9728215R.png,1,0,0.21349956,0.19326884,0.20114088,0.17993777,0.21215296
..\KneeXrayData\ClsKLData\kneeKL224\test\1\9728442L.png,1,4,0.20202494,0.18542767,0.20403537,0.19326144,0.2152505
..\KneeXrayData\ClsKLData\kneeKL224\test\1\9728442R.png,1,4,0.20199314,0.18493405,0.20426267,0.1935515,0.21525867
..\KneeXrayData\ClsKLData\kneeKL224\test\1\9729986L.png,1,4,0.18598542,0.1743832,0.20514083,0.21188638,0.22260424
..\KneeXrayData\ClsKLData\kneeKL224\test\1\9733288L.png,1,4,0.21083029,0.1905607,0.20241442,0.1843206,0.21187398
..\KneeXrayData\ClsKLData\kneeKL224\test\1\9736924L.png,1,4,0.20476791,0.18650049,0.204013,0.190789,0.21392956
..\KneeXrayData\ClsKLData\kneeKL224\test\1\9742226R.png,1,4,0.21055847,0.18951239,0.20277445,0.18591958,0.21123512
..\KneeXrayData\ClsKLData\kneeKL224\test\1\9743560L.png,1,4,0.1928423,0.17901409,0.20477986,0.20341259,0.21995115
..\KneeXrayData\ClsKLData\kneeKL224\test\1\9744444L.png,1,0,0.21173489,0.19080955,0.20220964,0.18391201,0.21133392
..\KneeXrayData\ClsKLData\kneeKL224\test\1\9745578R.png,1,0,0.21258281,0.19182396,0.20170903,0.18227534,0.21160887
..\KneeXrayData\ClsKLData\kneeKL224\test\1\9746055R.png,1,4,0.20007937,0.18372114,0.20471692,0.19557431,0.21590823
..\KneeXrayData\ClsKLData\kneeKL224\test\1\9746357L.png,1,4,0.2096999,0.18922043,0.20299953,0.18642357,0.21165654
..\KneeXrayData\ClsKLData\kneeKL224\test\1\9746357R.png,1,0,0.21161929,0.19072518,0.20224547,0.18407308,0.21133697
..\KneeXrayData\ClsKLData\kneeKL224\test\1\9747094R.png,1,4,0.1954726,0.18150014,0.20468599,0.19993165,0.21840961
..\KneeXrayData\ClsKLData\kneeKL224\test\1\9748304R.png,1,4,0.17847173,0.16890955,0.20441826,0.22271132,0.22548914
..\KneeXrayData\ClsKLData\kneeKL224\test\1\9751381L.png,1,0,0.212676,0.19212607,0.20164621,0.181895,0.21165675
..\KneeXrayData\ClsKLData\kneeKL224\test\1\9751381R.png,1,0,0.21220592,0.19141509,0.2019315,0.18303025,0.2114172
..\KneeXrayData\ClsKLData\kneeKL224\test\1\9754373L.png,1,0,0.21169369,0.1908083,0.20222834,0.18396413,0.21130551
..\KneeXrayData\ClsKLData\kneeKL224\test\1\9768500R.png,1,0,0.21266773,0.19209568,0.2016516,0.18194413,0.2116408
..\KneeXrayData\ClsKLData\kneeKL224\test\1\9771687R.png,1,4,0.20855647,0.18894821,0.20312296,0.18677866,0.2125937
..\KneeXrayData\ClsKLData\kneeKL224\test\1\9775237L.png,1,0,0.21485056,0.19532338,0.20024584,0.1764487,0.21313152
..\KneeXrayData\ClsKLData\kneeKL224\test\1\9775237R.png,1,0,0.21441591,0.19475846,0.20048656,0.17752197,0.2128171
..\KneeXrayData\ClsKLData\kneeKL224\test\1\9779635L.png,1,4,0.2044949,0.18699965,0.20380199,0.19051102,0.21419248
..\KneeXrayData\ClsKLData\kneeKL224\test\1\9780482L.png,1,4,0.20934811,0.1887323,0.20320958,0.18707003,0.21164002
..\KneeXrayData\ClsKLData\kneeKL224\test\1\9784803L.png,1,4,0.18246886,0.1720115,0.20519452,0.21652165,0.22380355
..\KneeXrayData\ClsKLData\kneeKL224\test\1\9784803R.png,1,4,0.19868171,0.1826988,0.20504951,0.1972946,0.21627535
..\KneeXrayData\ClsKLData\kneeKL224\test\1\9788301R.png,1,4,0.21092999,0.19016264,0.20253187,0.18495193,0.21142358
..\KneeXrayData\ClsKLData\kneeKL224\test\1\9789809R.png,1,0,0.21164975,0.19082057,0.20221516,0.183936,0.21137851
..\KneeXrayData\ClsKLData\kneeKL224\test\1\9795389R.png,1,4,0.1830663,0.17284581,0.2047863,0.21554795,0.2237536
..\KneeXrayData\ClsKLData\kneeKL224\test\1\9795669R.png,1,4,0.19151068,0.17874783,0.20482627,0.20501715,0.2198981
..\KneeXrayData\ClsKLData\kneeKL224\test\1\9796299L.png,1,4,0.19279438,0.1788624,0.20492852,0.20365125,0.21976349
..\KneeXrayData\ClsKLData\kneeKL224\test\1\9796889L.png,1,0,0.21229336,0.19145009,0.20191547,0.18288305,0.21145803
..\KneeXrayData\ClsKLData\kneeKL224\test\1\9797299L.png,1,4,0.17748742,0.16798794,0.20432656,0.22420609,0.22599202
..\KneeXrayData\ClsKLData\kneeKL224\test\1\9797299R.png,1,4,0.19907135,0.18312037,0.20493701,0.19653106,0.21634021
..\KneeXrayData\ClsKLData\kneeKL224\test\1\9802615R.png,1,4,0.20650986,0.1873228,0.20362738,0.18949825,0.21304165
..\KneeXrayData\ClsKLData\kneeKL224\test\1\9805894R.png,1,0,0.21418637,0.19445956,0.20062242,0.17808262,0.21264905
..\KneeXrayData\ClsKLData\kneeKL224\test\1\9809967R.png,1,0,0.2133818,0.19325559,0.2011578,0.18010987,0.21209496
..\KneeXrayData\ClsKLData\kneeKL224\test\1\9815657R.png,1,4,0.20877731,0.18909699,0.20307067,0.18666264,0.21239233
..\KneeXrayData\ClsKLData\kneeKL224\test\1\9826196R.png,1,0,0.21161073,0.19081992,0.20224285,0.18390675,0.21141979
..\KneeXrayData\ClsKLData\kneeKL224\test\1\9828819R.png,1,4,0.21005464,0.1893957,0.2029208,0.18617733,0.2114515
..\KneeXrayData\ClsKLData\kneeKL224\test\1\9838317R.png,1,0,0.21179862,0.19083503,0.20215702,0.18391341,0.2112959
..\KneeXrayData\ClsKLData\kneeKL224\test\1\9842816R.png,1,0,0.21337457,0.1932798,0.20113479,0.18012932,0.21208152
..\KneeXrayData\ClsKLData\kneeKL224\test\1\9852273L.png,1,4,0.20944929,0.18962109,0.20284355,0.18590882,0.21217725
..\KneeXrayData\ClsKLData\kneeKL224\test\1\9852273R.png,1,4,0.20112205,0.184597,0.20456892,0.19428056,0.21543147
..\KneeXrayData\ClsKLData\kneeKL224\test\1\9856831R.png,1,4,0.20101821,0.18534148,0.20442504,0.1930353,0.21617995
..\KneeXrayData\ClsKLData\kneeKL224\test\1\9873241R.png,1,0,0.21236168,0.19170211,0.20182458,0.18260172,0.21150988
..\KneeXrayData\ClsKLData\kneeKL224\test\1\9877906L.png,1,4,0.20671692,0.18761837,0.20363109,0.18914118,0.21289247
..\KneeXrayData\ClsKLData\kneeKL224\test\1\9884784L.png,1,4,0.21092513,0.1903275,0.2025122,0.1847415,0.21149364
..\KneeXrayData\ClsKLData\kneeKL224\test\1\9884784R.png,1,4,0.21014273,0.1897811,0.20278001,0.1855893,0.21170683
..\KneeXrayData\ClsKLData\kneeKL224\test\1\9885702L.png,1,0,0.21445793,0.1943361,0.20067218,0.17771114,0.2128226
..\KneeXrayData\ClsKLData\kneeKL224\test\1\9885702R.png,1,0,0.21438122,0.1942181,0.2007187,0.1779136,0.21276839
..\KneeXrayData\ClsKLData\kneeKL224\test\1\9886298R.png,1,0,0.21543407,0.19590327,0.19999889,0.17518726,0.21347657
..\KneeXrayData\ClsKLData\kneeKL224\test\1\9891691R.png,1,0,0.21269014,0.19216758,0.20161468,0.18186949,0.21165809
..\KneeXrayData\ClsKLData\kneeKL224\test\1\9894295L.png,1,4,0.21002237,0.18939248,0.20285082,0.18612027,0.21161403
..\KneeXrayData\ClsKLData\kneeKL224\test\1\9905024R.png,1,4,0.21111313,0.19028965,0.20248315,0.18469685,0.21141718
..\KneeXrayData\ClsKLData\kneeKL224\test\1\9906664R.png,1,4,0.19717343,0.18196788,0.20526037,0.19869958,0.21689872
..\KneeXrayData\ClsKLData\kneeKL224\test\1\9910757R.png,1,4,0.18220367,0.17210191,0.2047708,0.21704444,0.22387916
..\KneeXrayData\ClsKLData\kneeKL224\test\1\9910787L.png,1,4,0.21063474,0.18995696,0.20264739,0.18523471,0.21152624
..\KneeXrayData\ClsKLData\kneeKL224\test\1\9912315L.png,1,0,0.21521866,0.19539814,0.20024186,0.17579874,0.2133426
..\KneeXrayData\ClsKLData\kneeKL224\test\1\9912315R.png,1,0,0.21527448,0.19549134,0.20020235,0.17565656,0.21337529
..\KneeXrayData\ClsKLData\kneeKL224\test\1\9925594R.png,1,4,0.20218423,0.18529065,0.2041714,0.19295102,0.21540268
..\KneeXrayData\ClsKLData\kneeKL224\test\1\9926839R.png,1,4,0.20597523,0.18706283,0.20401537,0.18983658,0.21310994
..\KneeXrayData\ClsKLData\kneeKL224\test\1\9927360L.png,1,0,0.2148296,0.19532979,0.20023504,0.17649826,0.21310732
..\KneeXrayData\ClsKLData\kneeKL224\test\1\9929175L.png,1,0,0.21198902,0.19135618,0.20201156,0.1829783,0.21166497
..\KneeXrayData\ClsKLData\kneeKL224\test\1\9931097L.png,1,4,0.20220128,0.18575166,0.20393342,0.19277246,0.2153412
..\KneeXrayData\ClsKLData\kneeKL224\test\1\9932333L.png,1,0,0.21526712,0.1954866,0.20020649,0.1756688,0.21337096
..\KneeXrayData\ClsKLData\kneeKL224\test\1\9935827L.png,1,4,0.21023078,0.18933506,0.20289469,0.18625787,0.21128157
..\KneeXrayData\ClsKLData\kneeKL224\test\1\9935827R.png,1,4,0.21072295,0.18997738,0.20262218,0.18526524,0.21141225
..\KneeXrayData\ClsKLData\kneeKL224\test\1\9938236R.png,1,4,0.20100804,0.1848369,0.20467319,0.19396329,0.21551855
..\KneeXrayData\ClsKLData\kneeKL224\test\1\9938453R.png,1,4,0.17964499,0.16989762,0.20459959,0.22087085,0.22498694
..\KneeXrayData\ClsKLData\kneeKL224\test\1\9945026L.png,1,0,0.21184312,0.19086182,0.20216075,0.18372932,0.21140498
..\KneeXrayData\ClsKLData\kneeKL224\test\1\9953596R.png,1,0,0.21270394,0.19203606,0.20162666,0.18197754,0.21165577
..\KneeXrayData\ClsKLData\kneeKL224\test\1\9957226R.png,1,4,0.20156056,0.18503408,0.20443341,0.19355291,0.21541908
..\KneeXrayData\ClsKLData\kneeKL224\test\1\9958220L.png,1,4,0.18835011,0.17586702,0.20522873,0.20903432,0.22151975
..\KneeXrayData\ClsKLData\kneeKL224\test\1\9967294R.png,1,4,0.21028143,0.18943599,0.20286551,0.18612374,0.21129331
..\KneeXrayData\ClsKLData\kneeKL224\test\1\9967960L.png,1,4,0.20121874,0.18461093,0.20434982,0.19449082,0.2153297
..\KneeXrayData\ClsKLData\kneeKL224\test\1\9971275R.png,1,4,0.20889068,0.1884398,0.20332219,0.18756655,0.21178076
..\KneeXrayData\ClsKLData\kneeKL224\test\1\9975280L.png,1,4,0.1954668,0.18084115,0.20543852,0.20072868,0.21752484
..\KneeXrayData\ClsKLData\kneeKL224\test\1\9979181R.png,1,4,0.18582952,0.17476067,0.20505801,0.21196711,0.22238475
..\KneeXrayData\ClsKLData\kneeKL224\test\1\9982698L.png,1,0,0.21322149,0.19311917,0.20123369,0.18039307,0.21203254
..\KneeXrayData\ClsKLData\kneeKL224\test\1\9984706R.png,1,4,0.17595202,0.16688824,0.2040779,0.22650138,0.22658044
..\KneeXrayData\ClsKLData\kneeKL224\test\1\9989352L.png,1,4,0.2061331,0.18734638,0.2037417,0.18967012,0.21310866
..\KneeXrayData\ClsKLData\kneeKL224\test\1\9994363L.png,1,4,0.20596732,0.18755555,0.20375547,0.18935992,0.21336174
..\KneeXrayData\ClsKLData\kneeKL224\test\1\9995277L.png,1,0,0.21179305,0.19092304,0.20215559,0.18382901,0.21129929
..\KneeXrayData\ClsKLData\kneeKL224\test\1\9995277R.png,1,0,0.21219665,0.19135863,0.20193428,0.1830908,0.21141963
..\KneeXrayData\ClsKLData\kneeKL224\test\2\9003316R.png,2,4,0.20303145,0.18545717,0.20452109,0.1924977,0.21449253
..\KneeXrayData\ClsKLData\kneeKL224\test\2\9006407R.png,2,4,0.19965948,0.18381953,0.20457014,0.19574894,0.21620193
..\KneeXrayData\ClsKLData\kneeKL224\test\2\9007827L.png,2,0,0.21212071,0.19134143,0.20199938,0.18310148,0.21143697
..\KneeXrayData\ClsKLData\kneeKL224\test\2\9007827R.png,2,0,0.2117151,0.19081824,0.20219666,0.18392429,0.2113457
..\KneeXrayData\ClsKLData\kneeKL224\test\2\9008884L.png,2,4,0.20541883,0.18679932,0.20393544,0.19026268,0.21358374
..\KneeXrayData\ClsKLData\kneeKL224\test\2\9008884R.png,2,4,0.20430273,0.18630448,0.204085,0.19134012,0.21396768
..\KneeXrayData\ClsKLData\kneeKL224\test\2\9009927R.png,2,4,0.20322499,0.18591434,0.20407966,0.19199789,0.21478307
..\KneeXrayData\ClsKLData\kneeKL224\test\2\9009957R.png,2,4,0.20376197,0.1861804,0.20429674,0.19148049,0.2142804
..\KneeXrayData\ClsKLData\kneeKL224\test\2\9011053R.png,2,0,0.21138129,0.1903439,0.20243025,0.18450215,0.21134242
..\KneeXrayData\ClsKLData\kneeKL224\test\2\9015718L.png,2,4,0.20771024,0.18799627,0.20351945,0.18826297,0.21251109
..\KneeXrayData\ClsKLData\kneeKL224\test\2\9016304R.png,2,4,0.19703758,0.18179677,0.20522982,0.19887409,0.21706176
..\KneeXrayData\ClsKLData\kneeKL224\test\2\9017252L.png,2,4,0.20222986,0.18555969,0.20411783,0.19301406,0.2150786
..\KneeXrayData\ClsKLData\kneeKL224\test\2\9017876R.png,2,4,0.21038698,0.18949845,0.20282745,0.1860044,0.21128272
..\KneeXrayData\ClsKLData\kneeKL224\test\2\9018389R.png,2,4,0.21036166,0.18994218,0.20268075,0.18528485,0.21173054
..\KneeXrayData\ClsKLData\kneeKL224\test\2\9020714L.png,2,0,0.2124162,0.19178012,0.20178492,0.18234797,0.21167076
..\KneeXrayData\ClsKLData\kneeKL224\test\2\9020714R.png,2,0,0.21241124,0.19163704,0.20180699,0.18259457,0.2115502
..\KneeXrayData\ClsKLData\kneeKL224\test\2\9026934L.png,2,4,0.21116614,0.19034687,0.20244846,0.18471643,0.21132211
..\KneeXrayData\ClsKLData\kneeKL224\test\2\9026934R.png,2,4,0.19796613,0.18286794,0.20497155,0.1975044,0.21668999
..\KneeXrayData\ClsKLData\kneeKL224\test\2\9027422R.png,2,4,0.21032158,0.18997724,0.20265593,0.1852529,0.21179241
..\KneeXrayData\ClsKLData\kneeKL224\test\2\9028786R.png,2,0,0.21173339,0.1907363,0.20220259,0.18403994,0.21128775
..\KneeXrayData\ClsKLData\kneeKL224\test\2\9034991L.png,2,0,0.2125395,0.19222738,0.20167056,0.18186308,0.21169952
..\KneeXrayData\ClsKLData\kneeKL224\test\2\9034991R.png,2,0,0.21233255,0.19187683,0.20180765,0.1824255,0.21155754
..\KneeXrayData\ClsKLData\kneeKL224\test\2\9035317L.png,2,4,0.2112619,0.19030903,0.20242496,0.18471715,0.21128702
..\KneeXrayData\ClsKLData\kneeKL224\test\2\9048192L.png,2,4,0.20727597,0.18860507,0.20320323,0.18757766,0.21333802
..\KneeXrayData\ClsKLData\kneeKL224\test\2\9049223L.png,2,4,0.19321893,0.17912325,0.20515011,0.20315443,0.21935324
..\KneeXrayData\ClsKLData\kneeKL224\test\2\9049223R.png,2,4,0.20759392,0.18779887,0.20357358,0.18848985,0.21254376
..\KneeXrayData\ClsKLData\kneeKL224\test\2\9049706R.png,2,4,0.21078074,0.1896747,0.20267333,0.18558548,0.21128574
..\KneeXrayData\ClsKLData\kneeKL224\test\2\9057327L.png,2,0,0.21201155,0.1911554,0.20206404,0.18330356,0.21146545
..\KneeXrayData\ClsKLData\kneeKL224\test\2\9057327R.png,2,4,0.20720875,0.18868181,0.20320435,0.18725549,0.2136496
..\KneeXrayData\ClsKLData\kneeKL224\test\2\9059837L.png,2,0,0.21389407,0.19399798,0.20083016,0.17884335,0.21243447
..\KneeXrayData\ClsKLData\kneeKL224\test\2\9062328L.png,2,4,0.18746395,0.17575929,0.20542213,0.20977035,0.22158426
..\KneeXrayData\ClsKLData\kneeKL224\test\2\9062328R.png,2,4,0.18247372,0.17240061,0.20478676,0.21653183,0.22380716
..\KneeXrayData\ClsKLData\kneeKL224\test\2\9071924L.png,2,0,0.21468091,0.19518533,0.20031574,0.1767981,0.21301992
..\KneeXrayData\ClsKLData\kneeKL224\test\2\9071924R.png,2,0,0.2144478,0.19491374,0.20044675,0.17731085,0.21288085
..\KneeXrayData\ClsKLData\kneeKL224\test\2\9075900L.png,2,4,0.2012944,0.1849559,0.20424752,0.19396904,0.21553317
..\KneeXrayData\ClsKLData\kneeKL224\test\2\9075900R.png,2,4,0.19485955,0.18046856,0.20551005,0.20116283,0.21799895
..\KneeXrayData\ClsKLData\kneeKL224\test\2\9076313R.png,2,0,0.21284816,0.19228391,0.2015357,0.1816181,0.21171413
..\KneeXrayData\ClsKLData\kneeKL224\test\2\9082159R.png,2,0,0.21220112,0.19133736,0.20194435,0.18308932,0.21142793
..\KneeXrayData\ClsKLData\kneeKL224\test\2\9082631L.png,2,3,0.17208858,0.16359244,0.2027714,0.23330884,0.22823875
..\KneeXrayData\ClsKLData\kneeKL224\test\2\9086133R.png,2,4,0.19137937,0.1784814,0.20547196,0.20499918,0.21966809
..\KneeXrayData\ClsKLData\kneeKL224\test\2\9088866R.png,2,4,0.18160498,0.17160311,0.20483574,0.21790753,0.22404858
..\KneeXrayData\ClsKLData\kneeKL224\test\2\9092628L.png,2,0,0.21231833,0.19141622,0.20189705,0.18286753,0.21150088
..\KneeXrayData\ClsKLData\kneeKL224\test\2\9098409R.png,2,4,0.19184868,0.17924799,0.20500758,0.20409694,0.21979871
..\KneeXrayData\ClsKLData\kneeKL224\test\2\9099360L.png,2,4,0.20282173,0.18596275,0.20402953,0.19234774,0.21483827
..\KneeXrayData\ClsKLData\kneeKL224\test\2\9099360R.png,2,4,0.18918476,0.1772696,0.20547637,0.2071957,0.2208736
..\KneeXrayData\ClsKLData\kneeKL224\test\2\9099785L.png,2,4,0.20832047,0.18854558,0.2033249,0.18747477,0.21233422
..\KneeXrayData\ClsKLData\kneeKL224\test\2\9102440L.png,2,0,0.21139573,0.1904544,0.20237982,0.18449762,0.21127237
..\KneeXrayData\ClsKLData\kneeKL224\test\2\9103811R.png,2,0,0.21270543,0.19209366,0.20162027,0.18193655,0.21164408
..\KneeXrayData\ClsKLData\kneeKL224\test\2\9116147R.png,2,0,0.21441858,0.19430676,0.20068806,0.17780104,0.21278556
..\KneeXrayData\ClsKLData\kneeKL224\test\2\9124421R.png,2,0,0.21158825,0.19066925,0.20226653,0.1842021,0.21127391
..\KneeXrayData\ClsKLData\kneeKL224\test\2\9124895R.png,2,4,0.20902422,0.18935543,0.20295325,0.18613112,0.21253598
..\KneeXrayData\ClsKLData\kneeKL224\test\2\9126260L.png,2,4,0.18610981,0.17455706,0.20512879,0.21157546,0.22262886
..\KneeXrayData\ClsKLData\kneeKL224\test\2\9133451L.png,2,4,0.18333489,0.17242786,0.2049869,0.21566612,0.22358423
..\KneeXrayData\ClsKLData\kneeKL224\test\2\9133451R.png,2,4,0.20714898,0.18733427,0.20373185,0.18920876,0.21257615
..\KneeXrayData\ClsKLData\kneeKL224\test\2\9138554L.png,2,0,0.21188626,0.19092189,0.20214212,0.18371631,0.21133344
..\KneeXrayData\ClsKLData\kneeKL224\test\2\9138554R.png,2,0,0.21138021,0.19035597,0.20238884,0.18457377,0.21130121
..\KneeXrayData\ClsKLData\kneeKL224\test\2\9142551L.png,2,4,0.2030775,0.18648249,0.2037445,0.19150926,0.2151863
..\KneeXrayData\ClsKLData\kneeKL224\test\2\9142551R.png,2,4,0.20044042,0.1840478,0.20470032,0.19505379,0.21575768
..\KneeXrayData\ClsKLData\kneeKL224\test\2\9146898L.png,2,4,0.21129662,0.1905982,0.20233986,0.18425073,0.21151458
..\KneeXrayData\ClsKLData\kneeKL224\test\2\9154257L.png,2,0,0.21151127,0.19038801,0.20236368,0.18449658,0.21124043
..\KneeXrayData\ClsKLData\kneeKL224\test\2\9156309L.png,2,4,0.18203089,0.17154509,0.20483555,0.21749467,0.22409384
..\KneeXrayData\ClsKLData\kneeKL224\test\2\9167275L.png,2,4,0.19630027,0.18110068,0.2052857,0.19963449,0.21767884
..\KneeXrayData\ClsKLData\kneeKL224\test\2\9167275R.png,2,4,0.19278659,0.17935422,0.20514455,0.20359328,0.21912138
..\KneeXrayData\ClsKLData\kneeKL224\test\2\9169499R.png,2,3,0.17194068,0.16341883,0.20268613,0.23362128,0.22833301
..\KneeXrayData\ClsKLData\kneeKL224\test\2\9170011L.png,2,3,0.17198059,0.16345969,0.20270598,0.23353568,0.22831807
..\KneeXrayData\ClsKLData\kneeKL224\test\2\9175204L.png,2,4,0.20306396,0.18649757,0.20381424,0.19160628,0.21501794
..\KneeXrayData\ClsKLData\kneeKL224\test\2\9175204R.png,2,4,0.20515384,0.18651721,0.20407695,0.19078779,0.21346417
..\KneeXrayData\ClsKLData\kneeKL224\test\2\9175691L.png,2,4,0.19841705,0.18298823,0.20488375,0.1971615,0.21654949
..\KneeXrayData\ClsKLData\kneeKL224\test\2\9175691R.png,2,4,0.20436734,0.18635747,0.20429608,0.19103172,0.21394742
..\KneeXrayData\ClsKLData\kneeKL224\test\2\9177408L.png,2,4,0.19636205,0.18164907,0.20523371,0.19912805,0.21762714
..\KneeXrayData\ClsKLData\kneeKL224\test\2\9183590L.png,2,0,0.21173236,0.19081658,0.20221433,0.18387383,0.21136288
..\KneeXrayData\ClsKLData\kneeKL224\test\2\9188012L.png,2,4,0.18362421,0.1728459,0.20488921,0.21495938,0.2236813
..\KneeXrayData\ClsKLData\kneeKL224\test\2\9188012R.png,2,4,0.18638912,0.17519513,0.2050471,0.21115264,0.22221607
..\KneeXrayData\ClsKLData\kneeKL224\test\2\9188312L.png,2,4,0.21097809,0.1902714,0.20252678,0.18455811,0.2116656
..\KneeXrayData\ClsKLData\kneeKL224\test\2\9192363L.png,2,4,0.2030164,0.18641563,0.20375842,0.19164616,0.21516334
..\KneeXrayData\ClsKLData\kneeKL224\test\2\9194300R.png,2,4,0.18372816,0.17332181,0.20499906,0.21471487,0.22323605
..\KneeXrayData\ClsKLData\kneeKL224\test\2\9195363L.png,2,0,0.21204853,0.19128914,0.2020044,0.18326001,0.21139795
..\KneeXrayData\ClsKLData\kneeKL224\test\2\9198531L.png,2,4,0.18137373,0.17098378,0.20489386,0.21839198,0.22435671
..\KneeXrayData\ClsKLData\kneeKL224\test\2\9198531R.png,2,4,0.18257675,0.17246804,0.20474045,0.21634558,0.22386916
..\KneeXrayData\ClsKLData\kneeKL224\test\2\9198552L.png,2,4,0.20301336,0.18637475,0.20377523,0.19168016,0.21515653
..\KneeXrayData\ClsKLData\kneeKL224\test\2\9212386L.png,2,4,0.20311515,0.18650688,0.20373636,0.19144553,0.21519613
..\KneeXrayData\ClsKLData\kneeKL224\test\2\9212386R.png,2,4,0.20887622,0.18970393,0.20281705,0.18557179,0.213031
..\KneeXrayData\ClsKLData\kneeKL224\test\2\9214395L.png,2,4,0.20865873,0.18872029,0.20327172,0.18722707,0.2121222
..\KneeXrayData\ClsKLData\kneeKL224\test\2\9214480L.png,2,3,0.17198168,0.16346669,0.20271033,0.23353091,0.22831044
..\KneeXrayData\ClsKLData\kneeKL224\test\2\9220251L.png,2,0,0.21239783,0.19145341,0.20187873,0.1827011,0.21156895
..\KneeXrayData\ClsKLData\kneeKL224\test\2\9222916R.png,2,4,0.18185332,0.17181842,0.20482689,0.21755858,0.22394279
..\KneeXrayData\ClsKLData\kneeKL224\test\2\9224061R.png,2,4,0.20557699,0.1869508,0.20399046,0.19005957,0.21342224
..\KneeXrayData\ClsKLData\kneeKL224\test\2\9225063L.png,2,4,0.21065594,0.18994349,0.20263405,0.18522882,0.21153766
..\KneeXrayData\ClsKLData\kneeKL224\test\2\9225063R.png,2,4,0.20825778,0.1882428,0.20341736,0.1878799,0.21220213
..\KneeXrayData\ClsKLData\kneeKL224\test\2\9233869L.png,2,4,0.2008199,0.18437454,0.20445305,0.19483596,0.21551654
..\KneeXrayData\ClsKLData\kneeKL224\test\2\9233869R.png,2,4,0.19609994,0.18139118,0.20535699,0.19954763,0.21760422
..\KneeXrayData\ClsKLData\kneeKL224\test\2\9236300R.png,2,4,0.20717141,0.1874254,0.20365545,0.18905777,0.21268998
..\KneeXrayData\ClsKLData\kneeKL224\test\2\9237974L.png,2,4,0.20080301,0.18422872,0.20458221,0.19484863,0.21553743
..\KneeXrayData\ClsKLData\kneeKL224\test\2\9239017L.png,2,0,0.21205738,0.19116166,0.20204073,0.18339181,0.21134837
..\KneeXrayData\ClsKLData\kneeKL224\test\2\9242547L.png,2,4,0.1780765,0.16837555,0.20440856,0.22335102,0.22578838
..\KneeXrayData\ClsKLData\kneeKL224\test\2\9250401L.png,2,0,0.21444717,0.1948067,0.2004846,0.17740665,0.21285486
..\KneeXrayData\ClsKLData\kneeKL224\test\2\9250401R.png,2,0,0.21400872,0.19419497,0.20074612,0.17849919,0.212551
..\KneeXrayData\ClsKLData\kneeKL224\test\2\9250682R.png,2,0,0.21298525,0.19237185,0.2015259,0.18124229,0.21187475
..\KneeXrayData\ClsKLData\kneeKL224\test\2\9250756R.png,2,4,0.19659755,0.18106028,0.20520619,0.19978768,0.21734828
..\KneeXrayData\ClsKLData\kneeKL224\test\2\9255715L.png,2,0,0.21423703,0.1940872,0.20076227,0.17826846,0.21264502
..\KneeXrayData\ClsKLData\kneeKL224\test\2\9261372L.png,2,0,0.21434474,0.1946647,0.2005248,0.17770292,0.21276286
..\KneeXrayData\ClsKLData\kneeKL224\test\2\9263025R.png,2,0,0.21133712,0.19051039,0.20239559,0.18443018,0.21132675
..\KneeXrayData\ClsKLData\kneeKL224\test\2\9264781L.png,2,4,0.20676142,0.18835981,0.20333967,0.18810949,0.21342966
..\KneeXrayData\ClsKLData\kneeKL224\test\2\9268509L.png,2,4,0.21071056,0.18967071,0.20274013,0.18563174,0.21124679
..\KneeXrayData\ClsKLData\kneeKL224\test\2\9270026R.png,2,4,0.19939691,0.18308032,0.20487916,0.19663765,0.21600598
..\KneeXrayData\ClsKLData\kneeKL224\test\2\9271853L.png,2,4,0.21056183,0.19005486,0.2026037,0.18509197,0.21168762
..\KneeXrayData\ClsKLData\kneeKL224\test\2\9271965L.png,2,4,0.20096454,0.18481585,0.20430174,0.19417223,0.21574564
..\KneeXrayData\ClsKLData\kneeKL224\test\2\9281025R.png,2,4,0.21129137,0.19045988,0.20238942,0.18434176,0.21151757
..\KneeXrayData\ClsKLData\kneeKL224\test\2\9282257L.png,2,4,0.19320625,0.17940933,0.2047161,0.20267472,0.21999368
..\KneeXrayData\ClsKLData\kneeKL224\test\2\9283264R.png,2,0,0.21286732,0.19224064,0.20155159,0.18159801,0.21174249
..\KneeXrayData\ClsKLData\kneeKL224\test\2\9283903R.png,2,0,0.21161331,0.19078287,0.20225969,0.18407923,0.21126482
..\KneeXrayData\ClsKLData\kneeKL224\test\2\9285049L.png,2,4,0.21083349,0.19008014,0.20255908,0.18496767,0.21155965
..\KneeXrayData\ClsKLData\kneeKL224\test\2\9285049R.png,2,0,0.2119513,0.19099914,0.20210971,0.18356514,0.21137467
..\KneeXrayData\ClsKLData\kneeKL224\test\2\9287241R.png,2,4,0.18175882,0.17165664,0.20469868,0.21780998,0.22407588
..\KneeXrayData\ClsKLData\kneeKL224\test\2\9290752L.png,2,0,0.2139315,0.19361112,0.20098004,0.17902528,0.21245208
..\KneeXrayData\ClsKLData\kneeKL224\test\2\9290752R.png,2,0,0.21332093,0.19282809,0.20133114,0.18042162,0.21209821
..\KneeXrayData\ClsKLData\kneeKL224\test\2\9297511L.png,2,4,0.20541938,0.18676177,0.2038533,0.1902129,0.21375267
..\KneeXrayData\ClsKLData\kneeKL224\test\2\9297511R.png,2,0,0.21154144,0.19051667,0.20231587,0.1843157,0.21131033
..\KneeXrayData\ClsKLData\kneeKL224\test\2\9299531L.png,2,4,0.18460858,0.17362826,0.20512432,0.21353352,0.22310537
..\KneeXrayData\ClsKLData\kneeKL224\test\2\9301826L.png,2,4,0.20155141,0.18541193,0.2041726,0.19338343,0.21548063
..\KneeXrayData\ClsKLData\kneeKL224\test\2\9301826R.png,2,4,0.19554839,0.18137464,0.20523648,0.19990376,0.21793672
..\KneeXrayData\ClsKLData\kneeKL224\test\2\9304828L.png,2,4,0.18707503,0.1754201,0.20531204,0.21038732,0.22180553
..\KneeXrayData\ClsKLData\kneeKL224\test\2\9313330L.png,2,4,0.18930253,0.17686298,0.20548281,0.2079585,0.22039315
..\KneeXrayData\ClsKLData\kneeKL224\test\2\9313330R.png,2,4,0.17780225,0.168489,0.20440868,0.22358218,0.22571787
..\KneeXrayData\ClsKLData\kneeKL224\test\2\9316866L.png,2,0,0.21259126,0.19216311,0.20165415,0.18193917,0.21165231
..\KneeXrayData\ClsKLData\kneeKL224\test\2\9316866R.png,2,0,0.21261832,0.1921089,0.20164132,0.18200403,0.21162742
..\KneeXrayData\ClsKLData\kneeKL224\test\2\9322109R.png,2,0,0.21224874,0.19210172,0.20173603,0.18196553,0.211948
..\KneeXrayData\ClsKLData\kneeKL224\test\2\9328332R.png,2,0,0.21245411,0.19162041,0.20185429,0.18252432,0.21154687
..\KneeXrayData\ClsKLData\kneeKL224\test\2\9330729L.png,2,0,0.21140604,0.19025955,0.20243911,0.18467295,0.21122237
..\KneeXrayData\ClsKLData\kneeKL224\test\2\9338965R.png,2,4,0.21038014,0.18935166,0.20284516,0.18609135,0.21133164
..\KneeXrayData\ClsKLData\kneeKL224\test\2\9341167R.png,2,4,0.18148288,0.17149562,0.20496596,0.21795216,0.22410336
..\KneeXrayData\ClsKLData\kneeKL224\test\2\9349019L.png,2,4,0.1992169,0.18365742,0.20474604,0.19615248,0.21622711
..\KneeXrayData\ClsKLData\kneeKL224\test\2\9353339R.png,2,0,0.21215972,0.19117297,0.20201248,0.18320525,0.2114496
..\KneeXrayData\ClsKLData\kneeKL224\test\2\9354156L.png,2,0,0.21530008,0.19590743,0.20000347,0.1753738,0.21341524
..\KneeXrayData\ClsKLData\kneeKL224\test\2\9354156R.png,2,0,0.21514264,0.19572577,0.20007205,0.17574045,0.21331912
..\KneeXrayData\ClsKLData\kneeKL224\test\2\9357226L.png,2,0,0.2114703,0.19041815,0.20237169,0.18450344,0.21123633
..\KneeXrayData\ClsKLData\kneeKL224\test\2\9357226R.png,2,0,0.21180087,0.19088766,0.20218128,0.18367238,0.2114578
..\KneeXrayData\ClsKLData\kneeKL224\test\2\9358383L.png,2,4,0.18998376,0.17701289,0.2051292,0.20692895,0.22094518
..\KneeXrayData\ClsKLData\kneeKL224\test\2\9358383R.png,2,0,0.21141401,0.19034855,0.2023834,0.18459177,0.21126227
..\KneeXrayData\ClsKLData\kneeKL224\test\2\9367651L.png,2,0,0.21246797,0.19162273,0.20182171,0.18256411,0.21152344
..\KneeXrayData\ClsKLData\kneeKL224\test\2\9367651R.png,2,0,0.21187173,0.19088079,0.20217198,0.18372926,0.21134628
..\KneeXrayData\ClsKLData\kneeKL224\test\2\9376210R.png,2,4,0.1976306,0.1825805,0.20485222,0.19784096,0.21709573
..\KneeXrayData\ClsKLData\kneeKL224\test\2\9380143L.png,2,0,0.21521458,0.19539455,0.20024708,0.17580543,0.2133383
..\KneeXrayData\ClsKLData\kneeKL224\test\2\9383254R.png,2,4,0.21035825,0.18959263,0.20281062,0.1858259,0.21141264
..\KneeXrayData\ClsKLData\kneeKL224\test\2\9384158R.png,2,4,0.19467562,0.18049161,0.20541069,0.2011232,0.21829894
..\KneeXrayData\ClsKLData\kneeKL224\test\2\9396242L.png,2,0,0.21137956,0.19025072,0.2024319,0.18468885,0.21124898
..\KneeXrayData\ClsKLData\kneeKL224\test\2\9397530L.png,2,4,0.20057559,0.18426311,0.20449123,0.19500773,0.21566233
..\KneeXrayData\ClsKLData\kneeKL224\test\2\9397530R.png,2,4,0.19896889,0.18311048,0.20493826,0.19655791,0.21642444
..\KneeXrayData\ClsKLData\kneeKL224\test\2\9398120L.png,2,0,0.21136755,0.19035438,0.20242678,0.18464127,0.21121004
..\KneeXrayData\ClsKLData\kneeKL224\test\2\9400127L.png,2,4,0.20232046,0.18575494,0.2040078,0.19272366,0.21519311
..\KneeXrayData\ClsKLData\kneeKL224\test\2\9402978L.png,2,0,0.21464422,0.19503766,0.20036729,0.17698126,0.21296957
..\KneeXrayData\ClsKLData\kneeKL224\test\2\9407928L.png,2,4,0.20138252,0.18515038,0.20423359,0.19371133,0.21552223
..\KneeXrayData\ClsKLData\kneeKL224\test\2\9409935R.png,2,4,0.20285088,0.18547785,0.20423213,0.1926507,0.21478844
..\KneeXrayData\ClsKLData\kneeKL224\test\2\9410190R.png,2,4,0.20875585,0.18956675,0.20285153,0.18587206,0.21295382
..\KneeXrayData\ClsKLData\kneeKL224\test\2\9413279L.png,2,3,0.17192781,0.16340268,0.20267835,0.23364776,0.22834337
..\KneeXrayData\ClsKLData\kneeKL224\test\2\9415074L.png,2,4,0.20283645,0.18601784,0.2039333,0.19221583,0.21499655
..\KneeXrayData\ClsKLData\kneeKL224\test\2\9415074R.png,2,4,0.21031323,0.18949255,0.20282897,0.18592338,0.2114419
..\KneeXrayData\ClsKLData\kneeKL224\test\2\9417075R.png,2,4,0.21119186,0.19013524,0.2024898,0.18495584,0.21122724
..\KneeXrayData\ClsKLData\kneeKL224\test\2\9421281L.png,2,0,0.21510963,0.19520755,0.20032313,0.17608553,0.21327421
..\KneeXrayData\ClsKLData\kneeKL224\test\2\9421281R.png,2,0,0.21514806,0.19527411,0.2002969,0.1759834,0.21329755
..\KneeXrayData\ClsKLData\kneeKL224\test\2\9422381L.png,2,4,0.20020974,0.18432257,0.20449036,0.1950491,0.2159282
..\KneeXrayData\ClsKLData\kneeKL224\test\2\9426434L.png,2,4,0.20385464,0.18649736,0.20383951,0.19132063,0.21448791
..\KneeXrayData\ClsKLData\kneeKL224\test\2\9426434R.png,2,4,0.205288,0.18709224,0.20376995,0.18987674,0.21397308
..\KneeXrayData\ClsKLData\kneeKL224\test\2\9437009R.png,2,4,0.21125086,0.19033575,0.20242257,0.18467696,0.21131383
..\KneeXrayData\ClsKLData\kneeKL224\test\2\9448133R.png,2,4,0.19541338,0.18120661,0.2052862,0.20023686,0.21785685
..\KneeXrayData\ClsKLData\kneeKL224\test\2\9448315L.png,2,4,0.20748669,0.18751687,0.20372027,0.18895307,0.21232308
..\KneeXrayData\ClsKLData\kneeKL224\test\2\9451212L.png,2,0,0.21193445,0.1910196,0.20210916,0.18351187,0.21142492
..\KneeXrayData\ClsKLData\kneeKL224\test\2\9451212R.png,2,0,0.21251628,0.19175088,0.20177701,0.18237874,0.2115771
..\KneeXrayData\ClsKLData\kneeKL224\test\2\9451546L.png,2,0,0.21235207,0.19149554,0.2018944,0.18278417,0.21147376
..\KneeXrayData\ClsKLData\kneeKL224\test\2\9451546R.png,2,0,0.21210712,0.1911777,0.20202368,0.18331319,0.2113783
..\KneeXrayData\ClsKLData\kneeKL224\test\2\9453074L.png,2,4,0.19049151,0.17731234,0.20509472,0.20637377,0.22072762
..\KneeXrayData\ClsKLData\kneeKL224\test\2\9453074R.png,2,4,0.20593843,0.18735304,0.20374903,0.18940058,0.2135589
..\KneeXrayData\ClsKLData\kneeKL224\test\2\9455248L.png,2,4,0.18124549,0.17086585,0.20478833,0.2186867,0.22441363
..\KneeXrayData\ClsKLData\kneeKL224\test\2\9455248R.png,2,4,0.18340683,0.17313364,0.2047562,0.21501103,0.22369233
..\KneeXrayData\ClsKLData\kneeKL224\test\2\9457359L.png,2,4,0.18584563,0.17432868,0.20512983,0.21201912,0.22267678
..\KneeXrayData\ClsKLData\kneeKL224\test\2\9459421L.png,2,0,0.21220365,0.19128439,0.20194939,0.18308654,0.21147603
..\KneeXrayData\ClsKLData\kneeKL224\test\2\9461520L.png,2,0,0.21192873,0.19093978,0.20217204,0.18363473,0.21132466
..\KneeXrayData\ClsKLData\kneeKL224\test\2\9461520R.png,2,0,0.21223545,0.19134085,0.20197898,0.18301705,0.21142761
..\KneeXrayData\ClsKLData\kneeKL224\test\2\9462532R.png,2,4,0.21022989,0.18969877,0.20273817,0.18555865,0.21177447
..\KneeXrayData\ClsKLData\kneeKL224\test\2\9466142R.png,2,4,0.20786276,0.1881037,0.20333113,0.18822554,0.21247683
..\KneeXrayData\ClsKLData\kneeKL224\test\2\9467252L.png,2,4,0.19429639,0.18006578,0.20480871,0.2015339,0.2192952
..\KneeXrayData\ClsKLData\kneeKL224\test\2\9473302L.png,2,3,0.1720013,0.16348857,0.2027199,0.23348986,0.22830036
..\KneeXrayData\ClsKLData\kneeKL224\test\2\9473791L.png,2,0,0.21145996,0.19037798,0.20237449,0.18454503,0.21124253
..\KneeXrayData\ClsKLData\kneeKL224\test\2\9476633L.png,2,0,0.21198042,0.19101755,0.20211585,0.18349965,0.21138659
..\KneeXrayData\ClsKLData\kneeKL224\test\2\9483254L.png,2,0,0.21311878,0.19282039,0.20133597,0.18083367,0.21189119
..\KneeXrayData\ClsKLData\kneeKL224\test\2\9483254R.png,2,0,0.21314695,0.19284463,0.20132871,0.18076634,0.21191336
..\KneeXrayData\ClsKLData\kneeKL224\test\2\9484333R.png,2,4,0.20414917,0.18564364,0.20414907,0.19219536,0.21386275
..\KneeXrayData\ClsKLData\kneeKL224\test\2\9484866L.png,2,4,0.19271025,0.17895105,0.20478375,0.20356631,0.21998863
..\KneeXrayData\ClsKLData\kneeKL224\test\2\9487842R.png,2,4,0.20067148,0.18416415,0.20462856,0.1948318,0.21570404
..\KneeXrayData\ClsKLData\kneeKL224\test\2\9488834R.png,2,4,0.20397009,0.18700647,0.20363548,0.19012928,0.2152587
..\KneeXrayData\ClsKLData\kneeKL224\test\2\9488966L.png,2,0,0.2154563,0.1959311,0.1999813,0.17514925,0.21348207
..\KneeXrayData\ClsKLData\kneeKL224\test\2\9488966R.png,2,0,0.21544737,0.19598117,0.19995296,0.17513382,0.21348462
..\KneeXrayData\ClsKLData\kneeKL224\test\2\9495881L.png,2,0,0.21220061,0.19148631,0.20193243,0.18280643,0.2115742
..\KneeXrayData\ClsKLData\kneeKL224\test\2\9495881R.png,2,4,0.20807907,0.18938154,0.20296596,0.18614589,0.21342754
..\KneeXrayData\ClsKLData\kneeKL224\test\2\9496443L.png,2,4,0.20276773,0.18573952,0.20415828,0.19263685,0.21469757
..\KneeXrayData\ClsKLData\kneeKL224\test\2\9497734R.png,2,0,0.21312606,0.19289859,0.20131594,0.180738,0.2119214
..\KneeXrayData\ClsKLData\kneeKL224\test\2\9501623R.png,2,4,0.2056751,0.18723466,0.20371321,0.18962637,0.21375063
..\KneeXrayData\ClsKLData\kneeKL224\test\2\9501891R.png,2,4,0.18656525,0.17550313,0.20507365,0.21061477,0.22224316
..\KneeXrayData\ClsKLData\kneeKL224\test\2\9504935R.png,2,4,0.19279462,0.17940928,0.2050989,0.20356193,0.21913531
..\KneeXrayData\ClsKLData\kneeKL224\test\2\9510343L.png,2,4,0.18479007,0.17366971,0.20506984,0.21336529,0.2231051
..\KneeXrayData\ClsKLData\kneeKL224\test\2\9525665L.png,2,4,0.20375657,0.18644358,0.20389473,0.19143176,0.21447334
..\KneeXrayData\ClsKLData\kneeKL224\test\2\9525665R.png,2,4,0.21112056,0.18999806,0.20254433,0.1851435,0.21119353
..\KneeXrayData\ClsKLData\kneeKL224\test\2\9528955R.png,2,4,0.19143447,0.17863262,0.20548272,0.204718,0.2197322
..\KneeXrayData\ClsKLData\kneeKL224\test\2\9530267R.png,2,0,0.21304771,0.19266762,0.20139882,0.1810471,0.21183872
..\KneeXrayData\ClsKLData\kneeKL224\test\2\9531901L.png,2,4,0.20986015,0.18893781,0.20307992,0.18681279,0.21130927
..\KneeXrayData\ClsKLData\kneeKL224\test\2\9531901R.png,2,4,0.1921595,0.17922617,0.2047405,0.20417175,0.21970206
..\KneeXrayData\ClsKLData\kneeKL224\test\2\9534110L.png,2,4,0.1951066,0.18063211,0.20550072,0.2011139,0.21764664
..\KneeXrayData\ClsKLData\kneeKL224\test\2\9534110R.png,2,4,0.19625261,0.18115489,0.20542422,0.19986273,0.21730551
..\KneeXrayData\ClsKLData\kneeKL224\test\2\9537947L.png,2,0,0.21157137,0.19074409,0.20226675,0.1840532,0.21136463
..\KneeXrayData\ClsKLData\kneeKL224\test\2\9544188R.png,2,0,0.21332014,0.19316977,0.2011885,0.18028656,0.21203497
..\KneeXrayData\ClsKLData\kneeKL224\test\2\9548903L.png,2,4,0.20052966,0.18421754,0.20451558,0.19531661,0.21542059
..\KneeXrayData\ClsKLData\kneeKL224\test\2\9548903R.png,2,4,0.18207249,0.17200525,0.20483287,0.21722847,0.22386089
..\KneeXrayData\ClsKLData\kneeKL224\test\2\9549405R.png,2,4,0.19234505,0.17955224,0.20534682,0.20314908,0.21960679
..\KneeXrayData\ClsKLData\kneeKL224\test\2\9550405L.png,2,4,0.20134795,0.184825,0.20432362,0.19433892,0.21516451
..\KneeXrayData\ClsKLData\kneeKL224\test\2\9550405R.png,2,4,0.18346307,0.1732149,0.2049693,0.21499202,0.22336069
..\KneeXrayData\ClsKLData\kneeKL224\test\2\9551857L.png,2,4,0.20262912,0.18592249,0.20397466,0.19246322,0.21501055
..\KneeXrayData\ClsKLData\kneeKL224\test\2\9552108L.png,2,4,0.20577925,0.18772373,0.20363253,0.18931621,0.21354827
..\KneeXrayData\ClsKLData\kneeKL224\test\2\9552108R.png,2,4,0.20635203,0.18761264,0.20386907,0.18914822,0.21301809
..\KneeXrayData\ClsKLData\kneeKL224\test\2\9552548R.png,2,4,0.20766836,0.18883505,0.20314604,0.18715411,0.21319641
..\KneeXrayData\ClsKLData\kneeKL224\test\2\9554631R.png,2,4,0.2086125,0.18910572,0.20305896,0.18652545,0.21269742
..\KneeXrayData\ClsKLData\kneeKL224\test\2\9556402R.png,2,3,0.17226875,0.16379678,0.20286371,0.23292756,0.22814327
..\KneeXrayData\ClsKLData\kneeKL224\test\2\9556464R.png,2,4,0.20821974,0.18850112,0.20341925,0.1876432,0.21221668
..\KneeXrayData\ClsKLData\kneeKL224\test\2\9560292L.png,2,4,0.19849163,0.18299088,0.20508638,0.19691809,0.21651304
..\KneeXrayData\ClsKLData\kneeKL224\test\2\9560292R.png,2,4,0.19137003,0.17860918,0.2054484,0.20469281,0.21987966
..\KneeXrayData\ClsKLData\kneeKL224\test\2\9560702L.png,2,0,0.21194986,0.19144392,0.20197877,0.18288636,0.21174112
..\KneeXrayData\ClsKLData\kneeKL224\test\2\9560965R.png,2,4,0.19743727,0.18221217,0.205205,0.19813855,0.217007
..\KneeXrayData\ClsKLData\kneeKL224\test\2\9563521L.png,2,4,0.18158093,0.17115232,0.20484373,0.2181702,0.22425276
..\KneeXrayData\ClsKLData\kneeKL224\test\2\9563521R.png,2,4,0.18229216,0.17218581,0.20471223,0.21686628,0.2239435
..\KneeXrayData\ClsKLData\kneeKL224\test\2\9563713L.png,2,4,0.20487681,0.18709394,0.20384452,0.19033238,0.21385232
..\KneeXrayData\ClsKLData\kneeKL224\test\2\9563713R.png,2,4,0.20425278,0.18648107,0.20406055,0.19123875,0.21396686
..\KneeXrayData\ClsKLData\kneeKL224\test\2\9565513L.png,2,4,0.21096541,0.19000912,0.20253891,0.18500462,0.21148193
..\KneeXrayData\ClsKLData\kneeKL224\test\2\9568180R.png,2,0,0.2141152,0.1943784,0.20066005,0.17823388,0.21261245
..\KneeXrayData\ClsKLData\kneeKL224\test\2\9569706L.png,2,4,0.20076928,0.18447302,0.20464516,0.19473517,0.21537739
..\KneeXrayData\ClsKLData\kneeKL224\test\2\9569706R.png,2,4,0.19351697,0.17991748,0.2053827,0.20256937,0.2186135
..\KneeXrayData\ClsKLData\kneeKL224\test\2\9571740L.png,2,4,0.2061398,0.1873084,0.20375742,0.18967558,0.21311876
..\KneeXrayData\ClsKLData\kneeKL224\test\2\9574069R.png,2,4,0.20230386,0.18530959,0.20451239,0.1928112,0.21506292
..\KneeXrayData\ClsKLData\kneeKL224\test\2\9576694L.png,2,4,0.20649192,0.18777996,0.20360085,0.18892074,0.2132065
..\KneeXrayData\ClsKLData\kneeKL224\test\2\9576694R.png,2,0,0.21229084,0.19150798,0.20187607,0.18285468,0.2114705
..\KneeXrayData\ClsKLData\kneeKL224\test\2\9593694R.png,2,4,0.19145975,0.17873503,0.20539173,0.2048041,0.2196094
..\KneeXrayData\ClsKLData\kneeKL224\test\2\9595122R.png,2,4,0.20207845,0.18504804,0.20442234,0.1933802,0.21507096
..\KneeXrayData\ClsKLData\kneeKL224\test\2\9596903R.png,2,4,0.20736794,0.18764736,0.20371388,0.18881832,0.2124525
..\KneeXrayData\ClsKLData\kneeKL224\test\2\9598976R.png,2,0,0.2123358,0.19149,0.20186567,0.1828149,0.21149367
..\KneeXrayData\ClsKLData\kneeKL224\test\2\9599673R.png,2,4,0.20472202,0.186351,0.20373785,0.19121623,0.2139729
..\KneeXrayData\ClsKLData\kneeKL224\test\2\9606955R.png,2,4,0.20858344,0.18839927,0.20336938,0.18767083,0.21197705
..\KneeXrayData\ClsKLData\kneeKL224\test\2\9607698L.png,2,4,0.18370228,0.17317274,0.20498934,0.21457043,0.22356524
..\KneeXrayData\ClsKLData\kneeKL224\test\2\9607698R.png,2,4,0.18484804,0.17445937,0.20511395,0.21270773,0.22287098
..\KneeXrayData\ClsKLData\kneeKL224\test\2\9609776R.png,2,4,0.2098171,0.19038591,0.20256752,0.18471381,0.21251562
..\KneeXrayData\ClsKLData\kneeKL224\test\2\9610630L.png,2,0,0.21389234,0.19351561,0.20101103,0.17914149,0.21243955
..\KneeXrayData\ClsKLData\kneeKL224\test\2\9610630R.png,2,0,0.21400619,0.19369185,0.20093332,0.17887011,0.21249849
..\KneeXrayData\ClsKLData\kneeKL224\test\2\9612440L.png,2,4,0.21109644,0.19037811,0.20244136,0.18458462,0.21149947
..\KneeXrayData\ClsKLData\kneeKL224\test\2\9612440R.png,2,4,0.20886934,0.18844566,0.20333102,0.18755108,0.2118029
..\KneeXrayData\ClsKLData\kneeKL224\test\2\9613135R.png,2,4,0.2110405,0.19047943,0.20239925,0.18427,0.21181089
..\KneeXrayData\ClsKLData\kneeKL224\test\2\9614752L.png,2,0,0.21366706,0.19367921,0.2009667,0.17941993,0.21226713
..\KneeXrayData\ClsKLData\kneeKL224\test\2\9614752R.png,2,0,0.21440274,0.19477108,0.2004938,0.1775061,0.21282634
..\KneeXrayData\ClsKLData\kneeKL224\test\2\9614934L.png,2,0,0.21515056,0.19527656,0.20029506,0.17597762,0.21330023
..\KneeXrayData\ClsKLData\kneeKL224\test\2\9614934R.png,2,0,0.21517175,0.195313,0.20027946,0.17592472,0.21331106
..\KneeXrayData\ClsKLData\kneeKL224\test\2\9615638L.png,2,0,0.21218681,0.1914687,0.20192221,0.18298207,0.21144019
..\KneeXrayData\ClsKLData\kneeKL224\test\2\9615754R.png,2,4,0.1925992,0.17947876,0.20542163,0.20332332,0.21917713
..\KneeXrayData\ClsKLData\kneeKL224\test\2\9616228L.png,2,0,0.21493009,0.19539231,0.20021982,0.17628762,0.21317014
..\KneeXrayData\ClsKLData\kneeKL224\test\2\9616634L.png,2,4,0.20105486,0.18479753,0.20445776,0.19426067,0.21542919
..\KneeXrayData\ClsKLData\kneeKL224\test\2\9616634R.png,2,4,0.19548848,0.18125471,0.20537108,0.20005795,0.21782783
..\KneeXrayData\ClsKLData\kneeKL224\test\2\9617705L.png,2,4,0.20923533,0.18917792,0.20302683,0.18621999,0.21233991
..\KneeXrayData\ClsKLData\kneeKL224\test\2\9617705R.png,2,0,0.2121046,0.1911028,0.20206937,0.1832725,0.2114507
..\KneeXrayData\ClsKLData\kneeKL224\test\2\9624955L.png,2,4,0.20288673,0.18598962,0.2040141,0.19230756,0.214802
..\KneeXrayData\ClsKLData\kneeKL224\test\2\9625433L.png,2,4,0.19488719,0.18103004,0.20521632,0.2006804,0.21818605
..\KneeXrayData\ClsKLData\kneeKL224\test\2\9625433R.png,2,4,0.18874392,0.17701408,0.20510525,0.20790267,0.22123411
..\KneeXrayData\ClsKLData\kneeKL224\test\2\9625639L.png,2,4,0.20259593,0.1861519,0.20386842,0.19217363,0.21521008
..\KneeXrayData\ClsKLData\kneeKL224\test\2\9625639R.png,2,4,0.21069396,0.1900228,0.20262256,0.18523921,0.21142146
..\KneeXrayData\ClsKLData\kneeKL224\test\2\9626432L.png,2,4,0.19998458,0.18366423,0.20472458,0.19603452,0.21559212
..\KneeXrayData\ClsKLData\kneeKL224\test\2\9626432R.png,2,4,0.19288561,0.17952745,0.20559043,0.20308444,0.21891207
..\KneeXrayData\ClsKLData\kneeKL224\test\2\9627152L.png,2,4,0.20421393,0.18717304,0.2036416,0.19039738,0.2145741
..\KneeXrayData\ClsKLData\kneeKL224\test\2\9627152R.png,2,4,0.2030856,0.18561566,0.20430496,0.19244927,0.21454449
..\KneeXrayData\ClsKLData\kneeKL224\test\2\9629890R.png,2,4,0.19507799,0.18070117,0.20536228,0.20069535,0.2181632
..\KneeXrayData\ClsKLData\kneeKL224\test\2\9634146R.png,2,4,0.20325217,0.18553694,0.2044541,0.19240746,0.21434939
..\KneeXrayData\ClsKLData\kneeKL224\test\2\9639683L.png,2,4,0.20338559,0.18651217,0.20378211,0.19144967,0.21487045
..\KneeXrayData\ClsKLData\kneeKL224\test\2\9644109L.png,2,4,0.20492348,0.18705764,0.2038641,0.1904873,0.21366742
..\KneeXrayData\ClsKLData\kneeKL224\test\2\9644109R.png,2,4,0.20416579,0.18650666,0.20409612,0.19115481,0.2140767
..\KneeXrayData\ClsKLData\kneeKL224\test\2\9646090R.png,2,4,0.21071574,0.19014058,0.20254132,0.18491569,0.21168673
..\KneeXrayData\ClsKLData\kneeKL224\test\2\9646239L.png,2,4,0.2108312,0.19020757,0.20256709,0.1849492,0.21144494
..\KneeXrayData\ClsKLData\kneeKL224\test\2\9647679L.png,2,4,0.20485748,0.18699536,0.20378885,0.19042894,0.21392937
..\KneeXrayData\ClsKLData\kneeKL224\test\2\9648224L.png,2,0,0.21491835,0.1952888,0.20025569,0.17639512,0.21314207
..\KneeXrayData\ClsKLData\kneeKL224\test\2\9648224R.png,2,0,0.21492864,0.19525689,0.20027524,0.17638266,0.21315658
..\KneeXrayData\ClsKLData\kneeKL224\test\2\9650212L.png,2,4,0.19220038,0.17849256,0.20495635,0.20437326,0.21997741
..\KneeXrayData\ClsKLData\kneeKL224\test\2\9650212R.png,2,4,0.19196323,0.17901732,0.20480685,0.20443988,0.21977271
..\KneeXrayData\ClsKLData\kneeKL224\test\2\9654655L.png,2,0,0.2151171,0.19562732,0.20011663,0.17585391,0.213285
..\KneeXrayData\ClsKLData\kneeKL224\test\2\9654655R.png,2,0,0.21400386,0.19413576,0.20076448,0.17857921,0.21251678
..\KneeXrayData\ClsKLData\kneeKL224\test\2\9654702R.png,2,4,0.21119112,0.19013804,0.20248291,0.18490398,0.21128388
..\KneeXrayData\ClsKLData\kneeKL224\test\2\9660708L.png,2,4,0.18141794,0.17099324,0.20479158,0.21846706,0.22433023
..\KneeXrayData\ClsKLData\kneeKL224\test\2\9663706R.png,2,0,0.21442634,0.19477938,0.20048389,0.17748916,0.21282125
..\KneeXrayData\ClsKLData\kneeKL224\test\2\9668241L.png,2,4,0.1911299,0.17787859,0.20521937,0.20535967,0.2204125
..\KneeXrayData\ClsKLData\kneeKL224\test\2\9668241R.png,2,4,0.20925575,0.18892062,0.20310576,0.18682577,0.21189207
..\KneeXrayData\ClsKLData\kneeKL224\test\2\9671988L.png,2,4,0.20943539,0.18940821,0.20291537,0.18618849,0.21205254
..\KneeXrayData\ClsKLData\kneeKL224\test\2\9675129L.png,2,0,0.21391396,0.19364622,0.20094444,0.1790576,0.21243775
..\KneeXrayData\ClsKLData\kneeKL224\test\2\9677770R.png,2,4,0.20378208,0.18670502,0.20384532,0.1907995,0.21486807
..\KneeXrayData\ClsKLData\kneeKL224\test\2\9685324R.png,2,4,0.21119379,0.19030017,0.20243871,0.1846264,0.21144095
..\KneeXrayData\ClsKLData\kneeKL224\test\2\9686621L.png,2,0,0.21290347,0.19240218,0.20152608,0.18138415,0.21178406
..\KneeXrayData\ClsKLData\kneeKL224\test\2\9688338R.png,2,4,0.20447128,0.1875233,0.20347941,0.1893942,0.21513173
..\KneeXrayData\ClsKLData\kneeKL224\test\2\9698137R.png,2,4,0.20486438,0.18654934,0.20420294,0.1907978,0.21358553
..\KneeXrayData\ClsKLData\kneeKL224\test\2\9699962L.png,2,4,0.20665063,0.1871162,0.20370826,0.18952525,0.21299963
..\KneeXrayData\ClsKLData\kneeKL224\test\2\9699962R.png,2,4,0.2036041,0.18545657,0.2044751,0.19227174,0.21419245
..\KneeXrayData\ClsKLData\kneeKL224\test\2\9700314L.png,2,0,0.21151483,0.19051602,0.20232001,0.18438955,0.21125959
..\KneeXrayData\ClsKLData\kneeKL224\test\2\9701165L.png,2,0,0.21151878,0.19046319,0.20232005,0.18442447,0.21127352
..\KneeXrayData\ClsKLData\kneeKL224\test\2\9705415L.png,2,4,0.2107164,0.19019702,0.20256281,0.18495387,0.2115699
..\KneeXrayData\ClsKLData\kneeKL224\test\2\9711506R.png,2,0,0.21144055,0.19055389,0.20233724,0.18433237,0.21133594
..\KneeXrayData\ClsKLData\kneeKL224\test\2\9711687R.png,2,0,0.21374512,0.19362144,0.20096469,0.1792924,0.21237639
..\KneeXrayData\ClsKLData\kneeKL224\test\2\9718992L.png,2,4,0.19562209,0.1813478,0.20526452,0.20012793,0.21763766
..\KneeXrayData\ClsKLData\kneeKL224\test\2\9719748R.png,2,0,0.2126432,0.19212759,0.2016381,0.18193746,0.21165362
..\KneeXrayData\ClsKLData\kneeKL224\test\2\9720535L.png,2,0,0.2140967,0.19437693,0.20066835,0.17820027,0.21265778
..\KneeXrayData\ClsKLData\kneeKL224\test\2\9722541L.png,2,4,0.21185046,0.19177318,0.20192446,0.18252435,0.21192753
..\KneeXrayData\ClsKLData\kneeKL224\test\2\9722541R.png,2,0,0.21381547,0.19406787,0.20082262,0.17876014,0.21253389
..\KneeXrayData\ClsKLData\kneeKL224\test\2\9725172R.png,2,4,0.19996473,0.18400224,0.20478621,0.19512239,0.21612439
..\KneeXrayData\ClsKLData\kneeKL224\test\2\9725978L.png,2,4,0.19341308,0.17972645,0.20459905,0.20217955,0.22008187
..\KneeXrayData\ClsKLData\kneeKL224\test\2\9733288R.png,2,0,0.21197917,0.191195,0.20205396,0.18338448,0.21138741
..\KneeXrayData\ClsKLData\kneeKL224\test\2\9733523R.png,2,4,0.20981996,0.18949415,0.20290306,0.18600382,0.21177906
..\KneeXrayData\ClsKLData\kneeKL224\test\2\9735251R.png,2,0,0.21239358,0.19157352,0.2018336,0.18263502,0.21156427
..\KneeXrayData\ClsKLData\kneeKL224\test\2\9736924R.png,2,4,0.20952585,0.18895213,0.20308323,0.1867124,0.21172638
..\KneeXrayData\ClsKLData\kneeKL224\test\2\9742226L.png,2,4,0.21102832,0.18999133,0.20256183,0.18517652,0.21124202
..\KneeXrayData\ClsKLData\kneeKL224\test\2\9743839L.png,2,4,0.20769271,0.19018319,0.2026396,0.18513668,0.21434781
..\KneeXrayData\ClsKLData\kneeKL224\test\2\9743839R.png,2,0,0.21235573,0.19198798,0.2017585,0.18218374,0.21171406
..\KneeXrayData\ClsKLData\kneeKL224\test\2\9744444R.png,2,4,0.21076283,0.19023174,0.20254605,0.1847678,0.21169156
..\KneeXrayData\ClsKLData\kneeKL224\test\2\9746055L.png,2,4,0.19542986,0.18128008,0.20517322,0.20020106,0.21791574
..\KneeXrayData\ClsKLData\kneeKL224\test\2\9747567L.png,2,4,0.21129096,0.19057451,0.2023518,0.18428797,0.21149476
..\KneeXrayData\ClsKLData\kneeKL224\test\2\9747567R.png,2,4,0.2105033,0.18993671,0.20265985,0.18523124,0.21166897
..\KneeXrayData\ClsKLData\kneeKL224\test\2\9748304L.png,2,4,0.1785185,0.16878289,0.20447782,0.22264233,0.22557846
..\KneeXrayData\ClsKLData\kneeKL224\test\2\9762600L.png,2,4,0.20528637,0.18685469,0.20388448,0.19017676,0.21379766
..\KneeXrayData\ClsKLData\kneeKL224\test\2\9766939L.png,2,0,0.21439429,0.19468686,0.20051834,0.17761469,0.21278583
..\KneeXrayData\ClsKLData\kneeKL224\test\2\9768219L.png,2,3,0.17244792,0.16400518,0.20296346,0.23254906,0.22803436
..\KneeXrayData\ClsKLData\kneeKL224\test\2\9768219R.png,2,3,0.17274159,0.16427451,0.20307192,0.23196924,0.22794276
..\KneeXrayData\ClsKLData\kneeKL224\test\2\9768469L.png,2,0,0.21270496,0.19215247,0.20162117,0.18189847,0.21162286
..\KneeXrayData\ClsKLData\kneeKL224\test\2\9768469R.png,2,0,0.2123707,0.19168979,0.2018236,0.18261373,0.21150216
..\KneeXrayData\ClsKLData\kneeKL224\test\2\9768500L.png,2,0,0.21293603,0.19252512,0.20146169,0.18131758,0.21175958
..\KneeXrayData\ClsKLData\kneeKL224\test\2\9770626L.png,2,0,0.21385813,0.1935614,0.2009967,0.1791864,0.21239744
..\KneeXrayData\ClsKLData\kneeKL224\test\2\9779483L.png,2,4,0.20977339,0.1890024,0.2030214,0.18665385,0.21154895
..\KneeXrayData\ClsKLData\kneeKL224\test\2\9779635R.png,2,4,0.21073127,0.19024825,0.2025235,0.18479466,0.21170236
..\KneeXrayData\ClsKLData\kneeKL224\test\2\9785243R.png,2,0,0.21164307,0.19052777,0.20231967,0.18417534,0.21133418
..\KneeXrayData\ClsKLData\kneeKL224\test\2\9786263L.png,2,0,0.2118564,0.19085082,0.2021812,0.18381238,0.21129924
..\KneeXrayData\ClsKLData\kneeKL224\test\2\9786263R.png,2,0,0.21184683,0.19087511,0.20217337,0.18373024,0.21137442
..\KneeXrayData\ClsKLData\kneeKL224\test\2\9788301L.png,2,4,0.21134084,0.19073135,0.20229849,0.18409133,0.21153799
..\KneeXrayData\ClsKLData\kneeKL224\test\2\9792506L.png,2,4,0.20806523,0.18823455,0.20343107,0.18787423,0.21239494
..\KneeXrayData\ClsKLData\kneeKL224\test\2\9792506R.png,2,4,0.20936602,0.189075,0.2029603,0.1865268,0.21207188
..\KneeXrayData\ClsKLData\kneeKL224\test\2\9795669L.png,2,4,0.19364683,0.17966753,0.20496282,0.20236045,0.21936235
..\KneeXrayData\ClsKLData\kneeKL224\test\2\9796889R.png,2,4,0.20122257,0.18446445,0.20469671,0.19449168,0.21512467
..\KneeXrayData\ClsKLData\kneeKL224\test\2\9797850L.png,2,4,0.1997059,0.18322176,0.20488973,0.19611937,0.21606328
..\KneeXrayData\ClsKLData\kneeKL224\test\2\9797850R.png,2,4,0.207944,0.18811265,0.20336501,0.18820737,0.21237099
..\KneeXrayData\ClsKLData\kneeKL224\test\2\9800607R.png,2,4,0.21114679,0.19014469,0.20250219,0.18494269,0.21126366
..\KneeXrayData\ClsKLData\kneeKL224\test\2\9802615L.png,2,4,0.20653534,0.18737376,0.20374745,0.18928818,0.21305522
..\KneeXrayData\ClsKLData\kneeKL224\test\2\9810243L.png,2,4,0.20536983,0.18672843,0.2040886,0.19040322,0.2134099
..\KneeXrayData\ClsKLData\kneeKL224\test\2\9810243R.png,2,4,0.18482395,0.17418668,0.20507433,0.2131926,0.22272247
..\KneeXrayData\ClsKLData\kneeKL224\test\2\9813780L.png,2,4,0.20214623,0.18482679,0.20451117,0.19358382,0.21493204
..\KneeXrayData\ClsKLData\kneeKL224\test\2\9817136L.png,2,0,0.21305095,0.19260201,0.20139948,0.1810946,0.21185297
..\KneeXrayData\ClsKLData\kneeKL224\test\2\9819744L.png,2,4,0.20197812,0.18546003,0.2041533,0.19333106,0.21507749
..\KneeXrayData\ClsKLData\kneeKL224\test\2\9819871L.png,2,4,0.18215969,0.17165339,0.20477813,0.21729523,0.22411352
..\KneeXrayData\ClsKLData\kneeKL224\test\2\9819871R.png,2,4,0.18351847,0.17334123,0.204807,0.21467382,0.2236594
..\KneeXrayData\ClsKLData\kneeKL224\test\2\9826196L.png,2,0,0.21228397,0.19154444,0.20189638,0.18281859,0.21145666
..\KneeXrayData\ClsKLData\kneeKL224\test\2\9828819L.png,2,4,0.2019405,0.18552801,0.20406011,0.19318119,0.21529019
..\KneeXrayData\ClsKLData\kneeKL224\test\2\9831300R.png,2,4,0.19493324,0.18060496,0.2054441,0.20106417,0.21795356
..\KneeXrayData\ClsKLData\kneeKL224\test\2\9832566R.png,2,4,0.20834509,0.1883435,0.20346026,0.18782155,0.21202964
..\KneeXrayData\ClsKLData\kneeKL224\test\2\9837371R.png,2,4,0.21039496,0.18939185,0.20283172,0.18610367,0.2112778
..\KneeXrayData\ClsKLData\kneeKL224\test\2\9841033L.png,2,3,0.17538345,0.16644242,0.20393597,0.2274431,0.22679506
..\KneeXrayData\ClsKLData\kneeKL224\test\2\9850238L.png,2,0,0.21143709,0.19045022,0.20234989,0.18451555,0.21124727
..\KneeXrayData\ClsKLData\kneeKL224\test\2\9851573L.png,2,0,0.2121997,0.19150269,0.20192046,0.18294886,0.21142828
..\KneeXrayData\ClsKLData\kneeKL224\test\2\9851573R.png,2,0,0.2122561,0.1915238,0.20188324,0.18284571,0.21149108
..\KneeXrayData\ClsKLData\kneeKL224\test\2\9851758L.png,2,4,0.20948282,0.1891289,0.20306516,0.18664545,0.21167767
..\KneeXrayData\ClsKLData\kneeKL224\test\2\9857555L.png,2,4,0.21098232,0.19041719,0.20247754,0.18466401,0.21145895
..\KneeXrayData\ClsKLData\kneeKL224\test\2\9857555R.png,2,0,0.21157338,0.19071898,0.2022642,0.18417642,0.21126702
..\KneeXrayData\ClsKLData\kneeKL224\test\2\9859472L.png,2,4,0.21073852,0.18964842,0.20272094,0.18567164,0.21122047
..\KneeXrayData\ClsKLData\kneeKL224\test\2\9862321L.png,2,0,0.21171045,0.19099653,0.20216197,0.18378104,0.21135004
..\KneeXrayData\ClsKLData\kneeKL224\test\2\9867315L.png,2,0,0.21160002,0.19074184,0.20223676,0.18406428,0.21135706
..\KneeXrayData\ClsKLData\kneeKL224\test\2\9870070L.png,2,4,0.20705098,0.18789864,0.20354725,0.18854553,0.21295759
..\KneeXrayData\ClsKLData\kneeKL224\test\2\9870070R.png,2,4,0.20809306,0.18886682,0.20314293,0.18703984,0.21285735
..\KneeXrayData\ClsKLData\kneeKL224\test\2\9872810L.png,2,4,0.20221731,0.18562475,0.20405841,0.19295987,0.21513961
..\KneeXrayData\ClsKLData\kneeKL224\test\2\9873241L.png,2,0,0.21295488,0.19255948,0.2014693,0.1811201,0.21189624
..\KneeXrayData\ClsKLData\kneeKL224\test\2\9875303L.png,2,4,0.21070784,0.19020891,0.20253807,0.18492071,0.2116245
..\KneeXrayData\ClsKLData\kneeKL224\test\2\9875303R.png,2,0,0.21147719,0.19054125,0.20232947,0.18442419,0.21122792
..\KneeXrayData\ClsKLData\kneeKL224\test\2\9877906R.png,2,4,0.20379114,0.18611826,0.20398656,0.19153973,0.21456425
..\KneeXrayData\ClsKLData\kneeKL224\test\2\9878596R.png,2,4,0.2103059,0.18948725,0.20284054,0.18597612,0.21139021
..\KneeXrayData\ClsKLData\kneeKL224\test\2\9885105L.png,2,4,0.18172672,0.17126995,0.20482945,0.21796848,0.22420537
..\KneeXrayData\ClsKLData\kneeKL224\test\2\9885105R.png,2,4,0.19518204,0.18085,0.20531699,0.20058179,0.21806914
..\KneeXrayData\ClsKLData\kneeKL224\test\2\9888049R.png,2,0,0.21202591,0.1910688,0.20207594,0.18347096,0.2113584
..\KneeXrayData\ClsKLData\kneeKL224\test\2\9891691L.png,2,0,0.2123805,0.19181255,0.20180315,0.18247616,0.21152766
..\KneeXrayData\ClsKLData\kneeKL224\test\2\9894111L.png,2,0,0.21303931,0.19267893,0.20141973,0.18099914,0.21186292
..\KneeXrayData\ClsKLData\kneeKL224\test\2\9894111R.png,2,0,0.21332668,0.19307163,0.20121711,0.1803651,0.21201953
..\KneeXrayData\ClsKLData\kneeKL224\test\2\9894295R.png,2,4,0.19799834,0.18210909,0.20514113,0.19815768,0.2165938
..\KneeXrayData\ClsKLData\kneeKL224\test\2\9895675L.png,2,4,0.2081201,0.18939278,0.2029813,0.18642382,0.21308199
..\KneeXrayData\ClsKLData\kneeKL224\test\2\9895675R.png,2,4,0.20495549,0.18703368,0.20403253,0.19007719,0.21390113
..\KneeXrayData\ClsKLData\kneeKL224\test\2\9897774L.png,2,4,0.2025153,0.18603797,0.20386791,0.19233195,0.21524684
..\KneeXrayData\ClsKLData\kneeKL224\test\2\9902662R.png,2,4,0.20258388,0.18518373,0.20437968,0.19315805,0.21469471
..\KneeXrayData\ClsKLData\kneeKL224\test\2\9903160L.png,2,3,0.17274582,0.1642986,0.20308274,0.23195861,0.22791424
..\KneeXrayData\ClsKLData\kneeKL224\test\2\9905024L.png,2,0,0.21174891,0.19085431,0.20219454,0.18384449,0.21135776
..\KneeXrayData\ClsKLData\kneeKL224\test\2\9905863L.png,2,4,0.2112159,0.19019137,0.2025024,0.18484575,0.21124461
..\KneeXrayData\ClsKLData\kneeKL224\test\2\9905863R.png,2,0,0.21138479,0.19046015,0.20239365,0.18440053,0.2113609
..\KneeXrayData\ClsKLData\kneeKL224\test\2\9906664L.png,2,4,0.18927863,0.17724028,0.20543763,0.20730111,0.22074229
..\KneeXrayData\ClsKLData\kneeKL224\test\2\9911221L.png,2,4,0.20795923,0.18866788,0.20336238,0.18749458,0.212516
..\KneeXrayData\ClsKLData\kneeKL224\test\2\9911221R.png,2,4,0.20732094,0.18818048,0.20359014,0.18817163,0.21273685
..\KneeXrayData\ClsKLData\kneeKL224\test\2\9921329R.png,2,4,0.1835413,0.17312795,0.20506652,0.21505164,0.22321264
..\KneeXrayData\ClsKLData\kneeKL224\test\2\9924274R.png,2,4,0.20635763,0.18744493,0.203751,0.18931772,0.21312872
..\KneeXrayData\ClsKLData\kneeKL224\test\2\9924366R.png,2,4,0.20134407,0.18439841,0.20445964,0.19448975,0.21530813
..\KneeXrayData\ClsKLData\kneeKL224\test\2\9925594L.png,2,4,0.20182493,0.18530482,0.20412126,0.19346434,0.2152846
..\KneeXrayData\ClsKLData\kneeKL224\test\2\9926839L.png,2,4,0.20238994,0.1858514,0.2039483,0.19261542,0.21519488
..\KneeXrayData\ClsKLData\kneeKL224\test\2\9928592L.png,2,0,0.21229586,0.19139057,0.20192252,0.18290302,0.21148804
..\KneeXrayData\ClsKLData\kneeKL224\test\2\9928592R.png,2,0,0.21163109,0.19056883,0.20228407,0.18422934,0.2112867
..\KneeXrayData\ClsKLData\kneeKL224\test\2\9928863L.png,2,0,0.21141118,0.19044045,0.20237197,0.18455282,0.21122359
..\KneeXrayData\ClsKLData\kneeKL224\test\2\9928863R.png,2,4,0.21048075,0.19010973,0.20259634,0.1850172,0.21179597
..\KneeXrayData\ClsKLData\kneeKL224\test\2\9929102L.png,2,0,0.21163788,0.19066326,0.20224781,0.18414822,0.2113028
..\KneeXrayData\ClsKLData\kneeKL224\test\2\9929102R.png,2,0,0.21178192,0.19080648,0.2021822,0.18389505,0.21133436
..\KneeXrayData\ClsKLData\kneeKL224\test\2\9930588L.png,2,4,0.19413462,0.18006241,0.20540936,0.20214677,0.2182468
..\KneeXrayData\ClsKLData\kneeKL224\test\2\9930588R.png,2,4,0.17949234,0.16978087,0.20478135,0.22090968,0.22503579
..\KneeXrayData\ClsKLData\kneeKL224\test\2\9931097R.png,2,4,0.20282634,0.1858417,0.203999,0.19210836,0.21522453
..\KneeXrayData\ClsKLData\kneeKL224\test\2\9932333R.png,2,0,0.21531656,0.19556898,0.20017213,0.17554145,0.21340087
..\KneeXrayData\ClsKLData\kneeKL224\test\2\9938236L.png,2,4,0.2058621,0.18749578,0.20374191,0.18953204,0.21336818
..\KneeXrayData\ClsKLData\kneeKL224\test\2\9946897L.png,2,4,0.20467189,0.1872949,0.20362505,0.19002238,0.21438576
..\KneeXrayData\ClsKLData\kneeKL224\test\2\9946897R.png,2,4,0.21111143,0.19029173,0.20247322,0.18474476,0.21137893
..\KneeXrayData\ClsKLData\kneeKL224\test\2\9954172R.png,2,4,0.20293623,0.18602106,0.20389782,0.19183326,0.21531165
..\KneeXrayData\ClsKLData\kneeKL224\test\2\9956436L.png,2,4,0.182441,0.17180383,0.20487276,0.21692905,0.22395346
..\KneeXrayData\ClsKLData\kneeKL224\test\2\9956436R.png,2,4,0.18686467,0.17547067,0.20536491,0.21058542,0.22171433
..\KneeXrayData\ClsKLData\kneeKL224\test\2\9958220R.png,2,4,0.18999095,0.17754325,0.20497811,0.20696825,0.22051942
..\KneeXrayData\ClsKLData\kneeKL224\test\2\9965823R.png,2,4,0.20637369,0.1874671,0.20374168,0.18927468,0.21314287
..\KneeXrayData\ClsKLData\kneeKL224\test\2\9967294L.png,2,4,0.21117681,0.19036281,0.20244563,0.18468918,0.21132559
..\KneeXrayData\ClsKLData\kneeKL224\test\2\9967815L.png,2,0,0.21205075,0.19119261,0.20203649,0.18336135,0.21135882
..\KneeXrayData\ClsKLData\kneeKL224\test\2\9967960R.png,2,4,0.21033113,0.18930967,0.20286572,0.18618247,0.21131101
..\KneeXrayData\ClsKLData\kneeKL224\test\2\9969273L.png,2,4,0.18259071,0.17206982,0.2049671,0.2165533,0.22381905
..\KneeXrayData\ClsKLData\kneeKL224\test\2\9969273R.png,2,4,0.18164787,0.17164138,0.20479769,0.21787791,0.22403514
..\KneeXrayData\ClsKLData\kneeKL224\test\2\9969795L.png,2,4,0.21039018,0.18971652,0.20275019,0.18569699,0.21144614
..\KneeXrayData\ClsKLData\kneeKL224\test\2\9969795R.png,2,4,0.20876032,0.1887084,0.2032403,0.18728732,0.21200365
..\KneeXrayData\ClsKLData\kneeKL224\test\2\9971275L.png,2,4,0.20507221,0.18666114,0.2040357,0.19075987,0.21347106
..\KneeXrayData\ClsKLData\kneeKL224\test\2\9972278L.png,2,4,0.20159705,0.18503857,0.20421699,0.19395572,0.21519169
..\KneeXrayData\ClsKLData\kneeKL224\test\2\9972278R.png,2,4,0.18873586,0.17703524,0.205403,0.20775041,0.22107545
..\KneeXrayData\ClsKLData\kneeKL224\test\2\9975280R.png,2,4,0.18826383,0.17627238,0.2054718,0.20896113,0.22103083
..\KneeXrayData\ClsKLData\kneeKL224\test\2\9976191L.png,2,4,0.18687865,0.1749802,0.20520797,0.21074921,0.22218397
..\KneeXrayData\ClsKLData\kneeKL224\test\2\9976191R.png,2,4,0.18676677,0.17543899,0.20513946,0.21072847,0.22192633
..\KneeXrayData\ClsKLData\kneeKL224\test\2\9977273R.png,2,4,0.21014209,0.18964402,0.20281616,0.18578063,0.21161705
..\KneeXrayData\ClsKLData\kneeKL224\test\2\9979181L.png,2,4,0.21043101,0.18938565,0.20280984,0.18602346,0.21134996
..\KneeXrayData\ClsKLData\kneeKL224\test\2\9979984L.png,2,0,0.21196553,0.19092059,0.20213391,0.18360525,0.2113747
..\KneeXrayData\ClsKLData\kneeKL224\test\2\9979984R.png,2,0,0.21251723,0.19163305,0.2018098,0.18246175,0.21157816
..\KneeXrayData\ClsKLData\kneeKL224\test\2\9981404R.png,2,4,0.20917267,0.18870327,0.20320734,0.18712723,0.21178949
..\KneeXrayData\ClsKLData\kneeKL224\test\2\9988027L.png,2,4,0.1926471,0.1788474,0.20486394,0.20373163,0.21990997
..\KneeXrayData\ClsKLData\kneeKL224\test\2\9988027R.png,2,4,0.21008188,0.18940032,0.20287997,0.1860873,0.21155053
..\KneeXrayData\ClsKLData\kneeKL224\test\2\9988921R.png,2,0,0.21221429,0.19128072,0.20194381,0.18309084,0.2114703
..\KneeXrayData\ClsKLData\kneeKL224\test\2\9993442R.png,2,0,0.21403249,0.1939089,0.20082803,0.17870867,0.21252191
..\KneeXrayData\ClsKLData\kneeKL224\test\2\9997042L.png,2,0,0.21214578,0.19122061,0.202012,0.18315446,0.21146718
..\KneeXrayData\ClsKLData\kneeKL224\test\2\9997042R.png,2,0,0.21203494,0.19115278,0.20203376,0.1833287,0.21144982
..\KneeXrayData\ClsKLData\kneeKL224\test\2\9997381L.png,2,4,0.20095834,0.1845881,0.20438224,0.19468975,0.21538156
..\KneeXrayData\ClsKLData\kneeKL224\test\2\9997381R.png,2,4,0.19524989,0.18078005,0.20540567,0.20077005,0.21779436
..\KneeXrayData\ClsKLData\kneeKL224\test\2\9998089R.png,2,4,0.2021007,0.18468091,0.2041654,0.1940773,0.21497571
..\KneeXrayData\ClsKLData\kneeKL224\test\2\9998384L.png,2,0,0.21224114,0.19160904,0.20188774,0.18276441,0.2114977
..\KneeXrayData\ClsKLData\kneeKL224\test\2\9999862L.png,2,0,0.21309642,0.19283836,0.20134148,0.18081404,0.21190973
..\KneeXrayData\ClsKLData\kneeKL224\test\2\9999862R.png,2,0,0.212788,0.19255388,0.20149529,0.18124957,0.21191326
..\KneeXrayData\ClsKLData\kneeKL224\test\3\9011053L.png,3,0,0.21120234,0.19004491,0.20253587,0.18502747,0.2111894
..\KneeXrayData\ClsKLData\kneeKL224\test\3\9012867L.png,3,4,0.20628965,0.18664427,0.20389134,0.19028175,0.212893
..\KneeXrayData\ClsKLData\kneeKL224\test\3\9018389L.png,3,4,0.2114349,0.19091028,0.20223127,0.18377236,0.2116512
..\KneeXrayData\ClsKLData\kneeKL224\test\3\9027422L.png,3,0,0.21229818,0.1915839,0.20187746,0.18276358,0.21147689
..\KneeXrayData\ClsKLData\kneeKL224\test\3\9037494L.png,3,0,0.213774,0.19384617,0.20089427,0.1791379,0.21234766
..\KneeXrayData\ClsKLData\kneeKL224\test\3\9037494R.png,3,0,0.21300036,0.19261125,0.20140919,0.18115264,0.2118265
..\KneeXrayData\ClsKLData\kneeKL224\test\3\9046206L.png,3,0,0.21236424,0.1914707,0.20185533,0.18281603,0.21149367
..\KneeXrayData\ClsKLData\kneeKL224\test\3\9048192R.png,3,4,0.20650281,0.18776694,0.20359461,0.1887084,0.21342725
..\KneeXrayData\ClsKLData\kneeKL224\test\3\9049706L.png,3,4,0.19716391,0.18135463,0.20498374,0.19916537,0.21733232
..\KneeXrayData\ClsKLData\kneeKL224\test\3\9055836L.png,3,4,0.20073034,0.18454085,0.20443915,0.19463499,0.21565464
..\KneeXrayData\ClsKLData\kneeKL224\test\3\9056326L.png,3,4,0.20525831,0.18642624,0.20413885,0.19083238,0.21334428
..\KneeXrayData\ClsKLData\kneeKL224\test\3\9056326R.png,3,4,0.20917442,0.18867923,0.20313118,0.18703978,0.21197537
..\KneeXrayData\ClsKLData\kneeKL224\test\3\9066155R.png,3,4,0.20698872,0.18818806,0.20342335,0.1880362,0.21336362
..\KneeXrayData\ClsKLData\kneeKL224\test\3\9069393R.png,3,3,0.17212161,0.16361785,0.20277601,0.23324674,0.22823772
..\KneeXrayData\ClsKLData\kneeKL224\test\3\9075939L.png,3,4,0.20259582,0.18611008,0.20387973,0.19221784,0.21519652
..\KneeXrayData\ClsKLData\kneeKL224\test\3\9075939R.png,3,4,0.20718287,0.18815571,0.20346524,0.18819594,0.21300024
..\KneeXrayData\ClsKLData\kneeKL224\test\3\9076313L.png,3,0,0.2126632,0.19201675,0.2016506,0.1820462,0.21162316
..\KneeXrayData\ClsKLData\kneeKL224\test\3\9082159L.png,3,0,0.2123145,0.19149211,0.20187616,0.18283483,0.21148236
..\KneeXrayData\ClsKLData\kneeKL224\test\3\9086133L.png,3,4,0.19476369,0.18038566,0.2053551,0.20158356,0.21791199
..\KneeXrayData\ClsKLData\kneeKL224\test\3\9087632L.png,3,4,0.20373954,0.18620697,0.20406213,0.1916871,0.21430424
..\KneeXrayData\ClsKLData\kneeKL224\test\3\9087632R.png,3,4,0.21054204,0.18976226,0.20270592,0.18549514,0.21149465
..\KneeXrayData\ClsKLData\kneeKL224\test\3\9088866L.png,3,4,0.19759978,0.18211743,0.20516437,0.19858381,0.21653457
..\KneeXrayData\ClsKLData\kneeKL224\test\3\9092628R.png,3,0,0.21246055,0.19164899,0.20180136,0.18243733,0.21165177
..\KneeXrayData\ClsKLData\kneeKL224\test\3\9093622R.png,3,4,0.2111083,0.19006091,0.2024988,0.18499112,0.21134084
..\KneeXrayData\ClsKLData\kneeKL224\test\3\9094693L.png,3,0,0.21150467,0.19052091,0.20235415,0.1841189,0.21150139
..\KneeXrayData\ClsKLData\kneeKL224\test\3\9094693R.png,3,4,0.21084619,0.18965667,0.2027393,0.18551905,0.2112388
..\KneeXrayData\ClsKLData\kneeKL224\test\3\9098409L.png,3,0,0.21195163,0.19125624,0.20205797,0.18339519,0.211339
..\KneeXrayData\ClsKLData\kneeKL224\test\3\9099363L.png,3,4,0.19184788,0.17829742,0.20502877,0.20466706,0.22015886
..\KneeXrayData\ClsKLData\kneeKL224\test\3\9101066L.png,3,4,0.17759803,0.1682862,0.20446396,0.22381623,0.22583556
..\KneeXrayData\ClsKLData\kneeKL224\test\3\9113018L.png,3,0,0.21252069,0.192112,0.20169184,0.18204063,0.21163484
..\KneeXrayData\ClsKLData\kneeKL224\test\3\9113018R.png,3,0,0.21437237,0.19465896,0.20052305,0.1776755,0.21277013
..\KneeXrayData\ClsKLData\kneeKL224\test\3\9120059R.png,3,4,0.21074843,0.1900332,0.2026012,0.18514271,0.21147445
..\KneeXrayData\ClsKLData\kneeKL224\test\3\9124421L.png,3,0,0.21208227,0.19143276,0.20195991,0.18300831,0.21151677
..\KneeXrayData\ClsKLData\kneeKL224\test\3\9124895L.png,3,0,0.21213345,0.1912557,0.20198381,0.1832084,0.21141863
..\KneeXrayData\ClsKLData\kneeKL224\test\3\9126260R.png,3,0,0.21169257,0.19070384,0.20222256,0.18404739,0.21133369
..\KneeXrayData\ClsKLData\kneeKL224\test\3\9139557R.png,3,4,0.1882692,0.17677519,0.20508759,0.20835349,0.22151455
..\KneeXrayData\ClsKLData\kneeKL224\test\3\9156309R.png,3,4,0.20046902,0.18388087,0.20469154,0.19529828,0.21566029
..\KneeXrayData\ClsKLData\kneeKL224\test\3\9161267L.png,3,4,0.20732993,0.1874223,0.20362426,0.18905313,0.21257037
..\KneeXrayData\ClsKLData\kneeKL224\test\3\9161267R.png,3,4,0.2093786,0.18895736,0.20299229,0.18667349,0.2119982
..\KneeXrayData\ClsKLData\kneeKL224\test\3\9162394L.png,3,0,0.21356922,0.19349682,0.20104402,0.1796877,0.21220222
..\KneeXrayData\ClsKLData\kneeKL224\test\3\9162394R.png,3,0,0.21443385,0.19476345,0.20049968,0.17745277,0.21285027
..\KneeXrayData\ClsKLData\kneeKL224\test\3\9164114L.png,3,0,0.21390668,0.1937334,0.20091522,0.17902158,0.21242309
..\KneeXrayData\ClsKLData\kneeKL224\test\3\9164114R.png,3,0,0.21342884,0.19300742,0.20123427,0.18025103,0.21207851
..\KneeXrayData\ClsKLData\kneeKL224\test\3\9173950R.png,3,4,0.2023088,0.18532193,0.20412412,0.19299355,0.21525165
..\KneeXrayData\ClsKLData\kneeKL224\test\3\9188312R.png,3,4,0.21115568,0.1900464,0.20258035,0.18494391,0.21127364
..\KneeXrayData\ClsKLData\kneeKL224\test\3\9195363R.png,3,0,0.21239766,0.19166222,0.20180887,0.182637,0.21149425
..\KneeXrayData\ClsKLData\kneeKL224\test\3\9198552R.png,3,4,0.20485553,0.18672563,0.20389503,0.19052902,0.21399477
..\KneeXrayData\ClsKLData\kneeKL224\test\3\9201046R.png,3,0,0.21207803,0.19116527,0.2020666,0.18327947,0.21141061
..\KneeXrayData\ClsKLData\kneeKL224\test\3\9214395R.png,3,4,0.20760307,0.18833378,0.2033776,0.1878322,0.21285331
..\KneeXrayData\ClsKLData\kneeKL224\test\3\9215420L.png,3,4,0.21131599,0.19058391,0.202349,0.18435314,0.21139795
..\KneeXrayData\ClsKLData\kneeKL224\test\3\9215420R.png,3,4,0.18890464,0.1769017,0.205502,0.20784935,0.2208423
..\KneeXrayData\ClsKLData\kneeKL224\test\3\9215922L.png,3,0,0.21423674,0.19451874,0.20059969,0.17793778,0.2127071
..\KneeXrayData\ClsKLData\kneeKL224\test\3\9232078L.png,3,4,0.21095604,0.19016594,0.20249641,0.18480927,0.21157238
..\KneeXrayData\ClsKLData\kneeKL224\test\3\9249025R.png,3,4,0.20054045,0.18392791,0.20459162,0.19509375,0.21584629
..\KneeXrayData\ClsKLData\kneeKL224\test\3\9267247L.png,3,4,0.20657694,0.18877879,0.2031033,0.18741779,0.21412316
..\KneeXrayData\ClsKLData\kneeKL224\test\3\9267247R.png,3,4,0.21123365,0.19098344,0.20218477,0.18356457,0.21203357
..\KneeXrayData\ClsKLData\kneeKL224\test\3\9271965R.png,3,4,0.19997738,0.18346688,0.20477733,0.19583583,0.21594265
..\KneeXrayData\ClsKLData\kneeKL224\test\3\9277154L.png,3,0,0.21257892,0.19208711,0.20168069,0.18203387,0.2116194
..\KneeXrayData\ClsKLData\kneeKL224\test\3\9283264L.png,3,4,0.19233176,0.17859463,0.20486973,0.20418307,0.22002073
..\KneeXrayData\ClsKLData\kneeKL224\test\3\9287241L.png,3,4,0.18173674,0.17124897,0.20477858,0.21800202,0.2242337
..\KneeXrayData\ClsKLData\kneeKL224\test\3\9305336L.png,3,0,0.2121087,0.19115877,0.20201108,0.18329987,0.2114216
..\KneeXrayData\ClsKLData\kneeKL224\test\3\9322109L.png,3,4,0.21225494,0.1928002,0.20149985,0.18064985,0.21279514
..\KneeXrayData\ClsKLData\kneeKL224\test\3\9330729R.png,3,0,0.21178669,0.19075531,0.20223042,0.18389079,0.21133676
..\KneeXrayData\ClsKLData\kneeKL224\test\3\9338479L.png,3,3,0.17202678,0.16352741,0.20274079,0.23343736,0.22826764
..\KneeXrayData\ClsKLData\kneeKL224\test\3\9338479R.png,3,3,0.17204112,0.16354306,0.20274717,0.23340893,0.22825976
..\KneeXrayData\ClsKLData\kneeKL224\test\3\9340283L.png,3,4,0.19278543,0.17901132,0.20476738,0.20346498,0.21997091
..\KneeXrayData\ClsKLData\kneeKL224\test\3\9340283R.png,3,4,0.20512688,0.1874678,0.20356768,0.18959497,0.21424268
..\KneeXrayData\ClsKLData\kneeKL224\test\3\9340855L.png,3,0,0.21252829,0.191681,0.2017924,0.18242069,0.2115776
..\KneeXrayData\ClsKLData\kneeKL224\test\3\9340855R.png,3,0,0.21280551,0.19210587,0.20161238,0.1817595,0.21171668
..\KneeXrayData\ClsKLData\kneeKL224\test\3\9346354L.png,3,3,0.17227286,0.16373126,0.20282257,0.23295903,0.22821426
..\KneeXrayData\ClsKLData\kneeKL224\test\3\9346354R.png,3,4,0.18236616,0.17225485,0.20467782,0.21670353,0.22399767
..\KneeXrayData\ClsKLData\kneeKL224\test\3\9349019R.png,3,4,0.182801,0.17273214,0.20480326,0.21592793,0.22373557
..\KneeXrayData\ClsKLData\kneeKL224\test\3\9355129R.png,3,0,0.21151245,0.19043925,0.20236358,0.18440914,0.21127558
..\KneeXrayData\ClsKLData\kneeKL224\test\3\9357137L.png,3,0,0.21364099,0.19366527,0.200983,0.17943874,0.21227205
..\KneeXrayData\ClsKLData\kneeKL224\test\3\9357137R.png,3,0,0.2141386,0.1944277,0.20064923,0.17814845,0.21263602
..\KneeXrayData\ClsKLData\kneeKL224\test\3\9369649L.png,3,0,0.21219015,0.19131437,0.2019676,0.18310484,0.21142298
..\KneeXrayData\ClsKLData\kneeKL224\test\3\9379540L.png,3,0,0.21152994,0.19047491,0.20233932,0.18440661,0.21124923
..\KneeXrayData\ClsKLData\kneeKL224\test\3\9380143R.png,3,0,0.21521217,0.19538742,0.20024905,0.17581265,0.21333872
..\KneeXrayData\ClsKLData\kneeKL224\test\3\9390064L.png,3,4,0.18158802,0.17113887,0.20482089,0.21817145,0.22428077
..\KneeXrayData\ClsKLData\kneeKL224\test\3\9397988R.png,3,0,0.21480034,0.19528827,0.20027582,0.17651871,0.21311682
..\KneeXrayData\ClsKLData\kneeKL224\test\3\9398120R.png,3,0,0.21166524,0.1908094,0.20223105,0.18387473,0.21141958
..\KneeXrayData\ClsKLData\kneeKL224\test\3\9407928R.png,3,4,0.19340688,0.18009911,0.2052311,0.20230433,0.21895853
..\KneeXrayData\ClsKLData\kneeKL224\test\3\9410190L.png,3,4,0.19401348,0.18020996,0.20460087,0.20130794,0.21986777
..\KneeXrayData\ClsKLData\kneeKL224\test\3\9416102R.png,3,4,0.19090945,0.17822482,0.20488545,0.20573884,0.2202415
..\KneeXrayData\ClsKLData\kneeKL224\test\3\9419076R.png,3,4,0.21109207,0.19018307,0.20250064,0.18492618,0.211298
..\KneeXrayData\ClsKLData\kneeKL224\test\3\9429101R.png,3,4,0.19148761,0.17863488,0.20483798,0.20509326,0.21994628
..\KneeXrayData\ClsKLData\kneeKL224\test\3\9432349L.png,3,4,0.19275498,0.1788063,0.20491335,0.20377898,0.2197464
..\KneeXrayData\ClsKLData\kneeKL224\test\3\9432349R.png,3,4,0.20926663,0.18915164,0.20288754,0.18644291,0.2122513
..\KneeXrayData\ClsKLData\kneeKL224\test\3\9452835L.png,3,4,0.21156543,0.19091475,0.20220059,0.1837101,0.21160907
..\KneeXrayData\ClsKLData\kneeKL224\test\3\9452835R.png,3,4,0.2063169,0.18831202,0.20328487,0.18786496,0.21422127
..\KneeXrayData\ClsKLData\kneeKL224\test\3\9457090R.png,3,0,0.21203324,0.19126365,0.20200041,0.18323207,0.21147066
..\KneeXrayData\ClsKLData\kneeKL224\test\3\9459421R.png,3,0,0.21225569,0.19131503,0.20192368,0.18303376,0.21147183
..\KneeXrayData\ClsKLData\kneeKL224\test\3\9478307L.png,3,0,0.21218044,0.19151291,0.20190372,0.18289849,0.21150449
..\KneeXrayData\ClsKLData\kneeKL224\test\3\9478307R.png,3,4,0.20001477,0.1836039,0.20486072,0.19582842,0.21569228
..\KneeXrayData\ClsKLData\kneeKL224\test\3\9484333L.png,3,4,0.19176364,0.17793086,0.20510629,0.20526518,0.21993408
..\KneeXrayData\ClsKLData\kneeKL224\test\3\9484866R.png,3,0,0.21360055,0.1933617,0.20108503,0.17964756,0.21230516
..\KneeXrayData\ClsKLData\kneeKL224\test\3\9486408L.png,3,4,0.20254508,0.18597358,0.20393273,0.19236445,0.21518415
..\KneeXrayData\ClsKLData\kneeKL224\test\3\9495071R.png,3,0,0.21411483,0.19407469,0.20077345,0.178463,0.21257406
..\KneeXrayData\ClsKLData\kneeKL224\test\3\9497734L.png,3,0,0.21314457,0.19287501,0.20130637,0.18075043,0.21192358
..\KneeXrayData\ClsKLData\kneeKL224\test\3\9501623L.png,3,4,0.20220873,0.18556872,0.20398468,0.19295415,0.21528375
..\KneeXrayData\ClsKLData\kneeKL224\test\3\9516833L.png,3,4,0.18213212,0.1716072,0.20479594,0.21735713,0.22410753
..\KneeXrayData\ClsKLData\kneeKL224\test\3\9519310R.png,3,4,0.1990002,0.183489,0.20467106,0.1962741,0.21656564
..\KneeXrayData\ClsKLData\kneeKL224\test\3\9528955L.png,3,4,0.20259313,0.1860872,0.20385115,0.19222307,0.21524543
..\KneeXrayData\ClsKLData\kneeKL224\test\3\9536369L.png,3,4,0.20891486,0.18864381,0.20313987,0.18710937,0.21219206
..\KneeXrayData\ClsKLData\kneeKL224\test\3\9536369R.png,3,0,0.21237901,0.19148853,0.2018643,0.18275067,0.21151751
..\KneeXrayData\ClsKLData\kneeKL224\test\3\9537947R.png,3,4,0.20779604,0.18805102,0.20345384,0.18822956,0.21246953
..\KneeXrayData\ClsKLData\kneeKL224\test\3\9546643L.png,3,4,0.20445678,0.18681017,0.20385358,0.19077682,0.21410269
..\KneeXrayData\ClsKLData\kneeKL224\test\3\9546643R.png,3,4,0.2100175,0.18937443,0.20289218,0.18609434,0.2116216
..\KneeXrayData\ClsKLData\kneeKL224\test\3\9549405L.png,3,4,0.20443204,0.1875155,0.20349076,0.18976307,0.21479864
..\KneeXrayData\ClsKLData\kneeKL224\test\3\9551857R.png,3,4,0.19734395,0.18245664,0.20482278,0.19812492,0.21725178
..\KneeXrayData\ClsKLData\kneeKL224\test\3\9554631L.png,3,4,0.21101186,0.19041367,0.20246157,0.18441989,0.21169299
..\KneeXrayData\ClsKLData\kneeKL224\test\3\9556464L.png,3,4,0.21047041,0.19008748,0.20266052,0.18511236,0.21166924
..\KneeXrayData\ClsKLData\kneeKL224\test\3\9559547L.png,3,0,0.21338856,0.19322075,0.20117736,0.17991582,0.21229753
..\KneeXrayData\ClsKLData\kneeKL224\test\3\9560702R.png,3,0,0.21374503,0.19365409,0.20096299,0.17928582,0.21235204
..\KneeXrayData\ClsKLData\kneeKL224\test\3\9560965L.png,3,4,0.20159799,0.18521485,0.2041691,0.19367467,0.21534342
..\KneeXrayData\ClsKLData\kneeKL224\test\3\9568504L.png,3,4,0.20118871,0.18424675,0.20476502,0.1945372,0.21526238
..\KneeXrayData\ClsKLData\kneeKL224\test\3\9568504R.png,3,0,0.2112448,0.1901819,0.20246315,0.1848837,0.21122646
..\KneeXrayData\ClsKLData\kneeKL224\test\3\9585218L.png,3,4,0.19346312,0.17960845,0.20515168,0.20296115,0.21881564
..\KneeXrayData\ClsKLData\kneeKL224\test\3\9585218R.png,3,4,0.19826189,0.18222117,0.20502397,0.19796744,0.21652554
..\KneeXrayData\ClsKLData\kneeKL224\test\3\9589708R.png,3,0,0.21159427,0.19067651,0.20226651,0.1842026,0.21126011
..\KneeXrayData\ClsKLData\kneeKL224\test\3\9595122L.png,3,4,0.2107115,0.1896533,0.20274064,0.18564671,0.2112478
..\KneeXrayData\ClsKLData\kneeKL224\test\3\9597148R.png,3,3,0.17265896,0.16409719,0.20296976,0.23222293,0.22805123
..\KneeXrayData\ClsKLData\kneeKL224\test\3\9598683L.png,3,0,0.21144211,0.19054323,0.20233506,0.18437698,0.21130258
..\KneeXrayData\ClsKLData\kneeKL224\test\3\9608765L.png,3,3,0.17192864,0.16340429,0.20267975,0.23364466,0.22834271
..\KneeXrayData\ClsKLData\kneeKL224\test\3\9608765R.png,3,3,0.17410153,0.16533253,0.20347315,0.22968784,0.22740501
..\KneeXrayData\ClsKLData\kneeKL224\test\3\9609776L.png,3,4,0.20454514,0.18849456,0.2030788,0.18814996,0.21573153
..\KneeXrayData\ClsKLData\kneeKL224\test\3\9613135L.png,3,4,0.20860502,0.18807986,0.20337962,0.18801571,0.21191981
..\KneeXrayData\ClsKLData\kneeKL224\test\3\9620472L.png,3,4,0.20265463,0.1858919,0.20399818,0.19253877,0.21491653
..\KneeXrayData\ClsKLData\kneeKL224\test\3\9620472R.png,3,4,0.1828186,0.17267495,0.20485994,0.21600303,0.22364345
..\KneeXrayData\ClsKLData\kneeKL224\test\3\9622603R.png,3,0,0.21164595,0.19083656,0.20220941,0.18387772,0.2114304
..\KneeXrayData\ClsKLData\kneeKL224\test\3\9622970L.png,3,4,0.2016836,0.18513282,0.20417377,0.1938019,0.21520793
..\KneeXrayData\ClsKLData\kneeKL224\test\3\9646090L.png,3,4,0.20252174,0.18593228,0.20387949,0.19241539,0.21525109
..\KneeXrayData\ClsKLData\kneeKL224\test\3\9646223L.png,3,4,0.18266547,0.17211588,0.20480552,0.21642229,0.22399084
..\KneeXrayData\ClsKLData\kneeKL224\test\3\9646223R.png,3,4,0.1818149,0.17171088,0.20469804,0.21770628,0.2240699
..\KneeXrayData\ClsKLData\kneeKL224\test\3\9646239R.png,3,4,0.20003796,0.18434788,0.20444342,0.19503807,0.21613266
..\KneeXrayData\ClsKLData\kneeKL224\test\3\9648692R.png,3,0,0.21379265,0.19401775,0.20083305,0.178892,0.21246457
..\KneeXrayData\ClsKLData\kneeKL224\test\3\9660697R.png,3,0,0.21167296,0.19096142,0.20220388,0.18385735,0.21130437
..\KneeXrayData\ClsKLData\kneeKL224\test\3\9660708R.png,3,4,0.1990379,0.18317398,0.20504919,0.19632322,0.2164157
..\KneeXrayData\ClsKLData\kneeKL224\test\3\9663428L.png,3,4,0.20130289,0.18463546,0.20444451,0.194398,0.21521913
..\KneeXrayData\ClsKLData\kneeKL224\test\3\9663706L.png,3,0,0.21493857,0.19546583,0.20018905,0.1762189,0.21318766
..\KneeXrayData\ClsKLData\kneeKL224\test\3\9664468L.png,3,4,0.20193897,0.18533316,0.20415303,0.1934585,0.2151164
..\KneeXrayData\ClsKLData\kneeKL224\test\3\9664468R.png,3,4,0.20063473,0.18389416,0.20466718,0.19530798,0.21549594
..\KneeXrayData\ClsKLData\kneeKL224\test\3\9667180R.png,3,0,0.21284598,0.19242752,0.20151782,0.18148237,0.21172625
..\KneeXrayData\ClsKLData\kneeKL224\test\3\9669124L.png,3,4,0.21103793,0.18998681,0.20259061,0.18507808,0.21130651
..\KneeXrayData\ClsKLData\kneeKL224\test\3\9669143L.png,3,4,0.17931217,0.16937035,0.2045761,0.22148514,0.22525626
..\KneeXrayData\ClsKLData\kneeKL224\test\3\9683886L.png,3,0,0.2132355,0.19306284,0.20125863,0.18043867,0.21200436
..\KneeXrayData\ClsKLData\kneeKL224\test\3\9683886R.png,3,0,0.21327724,0.19310758,0.20122251,0.18039456,0.2119981
..\KneeXrayData\ClsKLData\kneeKL224\test\3\9699448L.png,3,4,0.20266604,0.18617323,0.20395377,0.1921027,0.21510428
..\KneeXrayData\ClsKLData\kneeKL224\test\3\9699448R.png,3,4,0.20136902,0.18475866,0.20445466,0.19401765,0.21539998
..\KneeXrayData\ClsKLData\kneeKL224\test\3\9710479L.png,3,4,0.2004605,0.18395752,0.20438951,0.19481888,0.21637361
..\KneeXrayData\ClsKLData\kneeKL224\test\3\9711687L.png,3,4,0.21162057,0.19171116,0.20193169,0.18238696,0.21234961
..\KneeXrayData\ClsKLData\kneeKL224\test\3\9719748L.png,3,0,0.2125988,0.19207147,0.20167059,0.1820569,0.21160224
..\KneeXrayData\ClsKLData\kneeKL224\test\3\9723911L.png,3,4,0.19170693,0.17797582,0.20500663,0.2052444,0.22006617
..\KneeXrayData\ClsKLData\kneeKL224\test\3\9723911R.png,3,4,0.21024561,0.18922791,0.20292807,0.18627633,0.21132213
..\KneeXrayData\ClsKLData\kneeKL224\test\3\9725724R.png,3,4,0.19055173,0.17819285,0.20488635,0.20591031,0.22045878
..\KneeXrayData\ClsKLData\kneeKL224\test\3\9727588L.png,3,4,0.19488432,0.18086633,0.2053546,0.2005673,0.21832745
..\KneeXrayData\ClsKLData\kneeKL224\test\3\9727588R.png,3,4,0.18218794,0.1721074,0.2049614,0.21694766,0.22379562
..\KneeXrayData\ClsKLData\kneeKL224\test\3\9727780L.png,3,0,0.2113469,0.19046101,0.2023727,0.18451984,0.21129955
..\KneeXrayData\ClsKLData\kneeKL224\test\3\9727780R.png,3,4,0.21104963,0.19008231,0.20254269,0.18508622,0.21123913
..\KneeXrayData\ClsKLData\kneeKL224\test\3\9743560R.png,3,4,0.21058634,0.18997401,0.2025488,0.18502852,0.21186233
..\KneeXrayData\ClsKLData\kneeKL224\test\3\9745578L.png,3,4,0.21057037,0.18962356,0.20272431,0.18572313,0.21135865
..\KneeXrayData\ClsKLData\kneeKL224\test\3\9750882L.png,3,0,0.21296194,0.19253048,0.20145357,0.18125987,0.21179414
..\KneeXrayData\ClsKLData\kneeKL224\test\3\9750882R.png,3,0,0.21254118,0.19195625,0.2017124,0.18220758,0.21158257
..\KneeXrayData\ClsKLData\kneeKL224\test\3\9761463L.png,3,0,0.21395795,0.19422054,0.20074366,0.17855443,0.2125234
..\KneeXrayData\ClsKLData\kneeKL224\test\3\9770626R.png,3,0,0.21391869,0.19360775,0.20098545,0.1790279,0.21246019
..\KneeXrayData\ClsKLData\kneeKL224\test\3\9772692R.png,3,0,0.21262717,0.1919252,0.20173883,0.18210089,0.21160792
..\KneeXrayData\ClsKLData\kneeKL224\test\3\9778632L.png,3,4,0.18207148,0.17155251,0.20485026,0.2174438,0.22408193
..\KneeXrayData\ClsKLData\kneeKL224\test\3\9779483R.png,3,4,0.21082345,0.18972996,0.20268092,0.18558009,0.21118563
..\KneeXrayData\ClsKLData\kneeKL224\test\3\9785243L.png,3,0,0.2123619,0.19141921,0.20191088,0.1828174,0.21149057
..\KneeXrayData\ClsKLData\kneeKL224\test\3\9786086L.png,3,4,0.20088398,0.18476892,0.2043545,0.19432123,0.21567135
..\KneeXrayData\ClsKLData\kneeKL224\test\3\9786086R.png,3,4,0.20034087,0.1841839,0.20486324,0.19498238,0.2156296
..\KneeXrayData\ClsKLData\kneeKL224\test\3\9789809L.png,3,0,0.21146199,0.19061774,0.20230839,0.18428878,0.21132307
..\KneeXrayData\ClsKLData\kneeKL224\test\3\9793845L.png,3,0,0.21521977,0.19578609,0.20003831,0.17558932,0.21336655
..\KneeXrayData\ClsKLData\kneeKL224\test\3\9806424L.png,3,0,0.21172038,0.1907843,0.20222536,0.18393856,0.21133141
..\KneeXrayData\ClsKLData\kneeKL224\test\3\9806424R.png,3,0,0.21189854,0.19101705,0.20212206,0.18354005,0.21142226
..\KneeXrayData\ClsKLData\kneeKL224\test\3\9809967L.png,3,0,0.21316311,0.19296041,0.20129052,0.18064985,0.21193604
..\KneeXrayData\ClsKLData\kneeKL224\test\3\9811924R.png,3,3,0.17581862,0.16679211,0.20394263,0.22681427,0.22663234
..\KneeXrayData\ClsKLData\kneeKL224\test\3\9813780R.png,3,4,0.18534654,0.17456543,0.20503825,0.2124457,0.22260408
..\KneeXrayData\ClsKLData\kneeKL224\test\3\9814262L.png,3,4,0.20933786,0.18934548,0.20296204,0.18630946,0.21204516
..\KneeXrayData\ClsKLData\kneeKL224\test\3\9818245L.png,3,4,0.17950974,0.16969201,0.20470755,0.22098395,0.22510678
..\KneeXrayData\ClsKLData\kneeKL224\test\3\9818245R.png,3,3,0.17269558,0.16421673,0.2030402,0.23207198,0.22797546
..\KneeXrayData\ClsKLData\kneeKL224\test\3\9831300L.png,3,4,0.18126261,0.17100413,0.20487499,0.21851814,0.22434008
..\KneeXrayData\ClsKLData\kneeKL224\test\3\9832481L.png,3,4,0.2000416,0.18366516,0.20463905,0.19598636,0.21566778
..\KneeXrayData\ClsKLData\kneeKL224\test\3\9832481R.png,3,4,0.18625522,0.17512609,0.20523456,0.21114522,0.22223893
..\KneeXrayData\ClsKLData\kneeKL224\test\3\9832566L.png,3,4,0.20100534,0.18462297,0.2047768,0.19430324,0.21529165
..\KneeXrayData\ClsKLData\kneeKL224\test\3\9842312L.png,3,4,0.20619994,0.18874541,0.20317867,0.1876579,0.21421808
..\KneeXrayData\ClsKLData\kneeKL224\test\3\9848239R.png,3,4,0.20649712,0.18763188,0.20362848,0.1889509,0.21329165
..\KneeXrayData\ClsKLData\kneeKL224\test\3\9851758R.png,3,4,0.21080941,0.19005808,0.20258778,0.18516792,0.21137685
..\KneeXrayData\ClsKLData\kneeKL224\test\3\9853523L.png,3,3,0.1720135,0.16350427,0.20272672,0.23346733,0.22828816
..\KneeXrayData\ClsKLData\kneeKL224\test\3\9853523R.png,3,3,0.17510557,0.16622403,0.2037797,0.22798362,0.22690713
..\KneeXrayData\ClsKLData\kneeKL224\test\3\9856831L.png,3,4,0.20408985,0.18724681,0.20372055,0.19015753,0.21478522
..\KneeXrayData\ClsKLData\kneeKL224\test\3\9859472R.png,3,4,0.21081087,0.18977582,0.20266499,0.18547532,0.21127303
..\KneeXrayData\ClsKLData\kneeKL224\test\3\9870569L.png,3,4,0.18279576,0.1722733,0.20478083,0.21612877,0.2240213
..\KneeXrayData\ClsKLData\kneeKL224\test\3\9870569R.png,3,4,0.19637695,0.18152484,0.20514119,0.19928555,0.21767145
..\KneeXrayData\ClsKLData\kneeKL224\test\3\9872810R.png,3,4,0.1806728,0.1707995,0.20485333,0.2191537,0.22452068
..\KneeXrayData\ClsKLData\kneeKL224\test\3\9874238L.png,3,4,0.20157772,0.18512231,0.20422047,0.19383323,0.21524629
..\KneeXrayData\ClsKLData\kneeKL224\test\3\9874238R.png,3,4,0.1998488,0.18332383,0.20480826,0.19621298,0.2158061
..\KneeXrayData\ClsKLData\kneeKL224\test\3\9878596L.png,3,4,0.20424841,0.18689802,0.20373058,0.19070011,0.21442291
..\KneeXrayData\ClsKLData\kneeKL224\test\3\9881827L.png,3,4,0.21014458,0.1898925,0.20271942,0.18544191,0.21180156
..\KneeXrayData\ClsKLData\kneeKL224\test\3\9884591L.png,3,4,0.20918283,0.18904743,0.2030513,0.18670255,0.2120159
..\KneeXrayData\ClsKLData\kneeKL224\test\3\9884591R.png,3,4,0.21125585,0.19023591,0.20244211,0.18477076,0.21129534
..\KneeXrayData\ClsKLData\kneeKL224\test\3\9903160R.png,3,3,0.17325707,0.16472033,0.2032519,0.2310555,0.22771525
..\KneeXrayData\ClsKLData\kneeKL224\test\3\9904241L.png,3,4,0.2011632,0.18463914,0.20435765,0.19459626,0.21524376
..\KneeXrayData\ClsKLData\kneeKL224\test\3\9910787R.png,3,4,0.21057978,0.18965809,0.20275575,0.1857055,0.21130086
..\KneeXrayData\ClsKLData\kneeKL224\test\3\9916791L.png,3,4,0.20214115,0.1854214,0.20415395,0.19332117,0.2149623
..\KneeXrayData\ClsKLData\kneeKL224\test\3\9916791R.png,3,4,0.2006217,0.18394977,0.20469752,0.1952462,0.21548486
..\KneeXrayData\ClsKLData\kneeKL224\test\3\9920684L.png,3,0,0.214704,0.19519518,0.20030294,0.17673896,0.21305889
..\KneeXrayData\ClsKLData\kneeKL224\test\3\9920684R.png,3,0,0.21483815,0.19539656,0.20021597,0.17639223,0.21315709
..\KneeXrayData\ClsKLData\kneeKL224\test\3\9921329L.png,3,4,0.19863299,0.18278477,0.20494957,0.19746852,0.21616417
..\KneeXrayData\ClsKLData\kneeKL224\test\3\9930342L.png,3,0,0.21241257,0.19185656,0.20178351,0.18241954,0.21152782
..\KneeXrayData\ClsKLData\kneeKL224\test\3\9930342R.png,3,4,0.2106047,0.19021478,0.20258304,0.1849541,0.21164337
..\KneeXrayData\ClsKLData\kneeKL224\test\3\9946846L.png,3,4,0.20130517,0.18507116,0.20426604,0.19384325,0.21551439
..\KneeXrayData\ClsKLData\kneeKL224\test\3\9946846R.png,3,4,0.19783793,0.18271366,0.20502834,0.1974121,0.21700796
..\KneeXrayData\ClsKLData\kneeKL224\test\3\9952664L.png,3,4,0.21072885,0.19035546,0.20247702,0.18466878,0.21176988
..\KneeXrayData\ClsKLData\kneeKL224\test\3\9952664R.png,3,0,0.21206626,0.19120297,0.2020131,0.18334126,0.21137643
..\KneeXrayData\ClsKLData\kneeKL224\test\3\9954172L.png,3,4,0.20751238,0.18866484,0.2032208,0.18757844,0.21302357
..\KneeXrayData\ClsKLData\kneeKL224\test\3\9964731R.png,3,4,0.21053544,0.19135585,0.20216179,0.18320075,0.2127462
..\KneeXrayData\ClsKLData\kneeKL224\test\3\9973199R.png,3,4,0.1797714,0.16998962,0.20459045,0.22072348,0.22492507
..\KneeXrayData\ClsKLData\kneeKL224\test\3\9981404L.png,3,4,0.21091303,0.18977344,0.20265293,0.1854572,0.21120343
..\KneeXrayData\ClsKLData\kneeKL224\test\3\9984706L.png,3,4,0.1902461,0.17747335,0.20578876,0.2065483,0.21994346
..\KneeXrayData\ClsKLData\kneeKL224\test\3\9992318R.png,3,4,0.20601152,0.18729338,0.20389959,0.1896322,0.21316333
..\KneeXrayData\ClsKLData\kneeKL224\test\3\9996865R.png,3,4,0.17794007,0.16859883,0.20444623,0.22334468,0.22567017
..\KneeXrayData\ClsKLData\kneeKL224\test\3\9998384R.png,3,4,0.21106501,0.1903249,0.20250487,0.18478368,0.21132152
..\KneeXrayData\ClsKLData\kneeKL224\test\4\9012867R.png,4,4,0.19488165,0.18073152,0.20494398,0.20122102,0.21822187
..\KneeXrayData\ClsKLData\kneeKL224\test\4\9048789L.png,4,4,0.20360804,0.18603858,0.20407075,0.19165458,0.21462807
..\KneeXrayData\ClsKLData\kneeKL224\test\4\9055836R.png,4,4,0.2017166,0.1847803,0.20435546,0.19381306,0.2153346
..\KneeXrayData\ClsKLData\kneeKL224\test\4\9069393L.png,4,3,0.17196879,0.16345438,0.20270477,0.23356006,0.22831205
..\KneeXrayData\ClsKLData\kneeKL224\test\4\9101066R.png,4,3,0.17205653,0.16354927,0.2027469,0.23337808,0.22826925
..\KneeXrayData\ClsKLData\kneeKL224\test\4\9144384R.png,4,0,0.2127547,0.19225219,0.20156622,0.18172665,0.21170028
..\KneeXrayData\ClsKLData\kneeKL224\test\4\9194300L.png,4,4,0.18867916,0.17674714,0.20544426,0.20795467,0.22117472
..\KneeXrayData\ClsKLData\kneeKL224\test\4\9197466L.png,4,4,0.21090978,0.1900978,0.20256674,0.18510407,0.21132159
..\KneeXrayData\ClsKLData\kneeKL224\test\4\9215922R.png,4,0,0.21398097,0.19415674,0.2007634,0.17856279,0.2125361
..\KneeXrayData\ClsKLData\kneeKL224\test\4\9254422L.png,4,4,0.20224243,0.18547156,0.20416996,0.19301417,0.21510184
..\KneeXrayData\ClsKLData\kneeKL224\test\4\9277154R.png,4,4,0.19639343,0.18185782,0.20482095,0.19929942,0.21762836
..\KneeXrayData\ClsKLData\kneeKL224\test\4\9282257R.png,4,0,0.21171537,0.19065109,0.20227093,0.1840544,0.21130818
..\KneeXrayData\ClsKLData\kneeKL224\test\4\9311154L.png,4,4,0.1935696,0.17951316,0.20528798,0.20288822,0.21874109
..\KneeXrayData\ClsKLData\kneeKL224\test\4\9390064R.png,4,4,0.1988577,0.18292914,0.20489453,0.19678694,0.2165317
..\KneeXrayData\ClsKLData\kneeKL224\test\4\9422381R.png,4,4,0.20144942,0.18481371,0.2043684,0.1938102,0.21555826
..\KneeXrayData\ClsKLData\kneeKL224\test\4\9445318L.png,4,4,0.20751229,0.18740806,0.20375594,0.1890433,0.2122804
..\KneeXrayData\ClsKLData\kneeKL224\test\4\9448133L.png,4,4,0.1965822,0.18249947,0.2049222,0.19825381,0.2177423
..\KneeXrayData\ClsKLData\kneeKL224\test\4\9457359R.png,4,4,0.20267949,0.18628886,0.20378342,0.1917339,0.21551435
..\KneeXrayData\ClsKLData\kneeKL224\test\4\9479978L.png,4,0,0.21142596,0.19051158,0.2023398,0.18431552,0.21140712
..\KneeXrayData\ClsKLData\kneeKL224\test\4\9495873R.png,4,4,0.20086336,0.18408746,0.20459281,0.19499624,0.21546009
..\KneeXrayData\ClsKLData\kneeKL224\test\4\9504935L.png,4,4,0.19792801,0.18228185,0.20498383,0.1982257,0.21658063
..\KneeXrayData\ClsKLData\kneeKL224\test\4\9513860R.png,4,4,0.19018772,0.177629,0.20501353,0.2068814,0.2202883
..\KneeXrayData\ClsKLData\kneeKL224\test\4\9519310L.png,4,4,0.18269345,0.17219311,0.20478868,0.21628462,0.22404017
..\KneeXrayData\ClsKLData\kneeKL224\test\4\9541124L.png,4,4,0.20128316,0.18470012,0.20428728,0.19444394,0.21528551
..\KneeXrayData\ClsKLData\kneeKL224\test\4\9556402L.png,4,4,0.17791185,0.16831788,0.20437014,0.22359791,0.2258022
..\KneeXrayData\ClsKLData\kneeKL224\test\4\9559547R.png,4,0,0.21212427,0.19130722,0.20197988,0.18312383,0.21146476
..\KneeXrayData\ClsKLData\kneeKL224\test\4\9559860L.png,4,4,0.20440033,0.1870108,0.2037656,0.190495,0.21432826
..\KneeXrayData\ClsKLData\kneeKL224\test\4\9572948R.png,4,0,0.2126491,0.19190812,0.20172815,0.1820811,0.2116335
..\KneeXrayData\ClsKLData\kneeKL224\test\4\9579246R.png,4,0,0.21234494,0.19153717,0.20188048,0.18259567,0.21164173
..\KneeXrayData\ClsKLData\kneeKL224\test\4\9598683R.png,4,4,0.21083046,0.19033065,0.20247702,0.18466926,0.2116926
..\KneeXrayData\ClsKLData\kneeKL224\test\4\9598976L.png,4,0,0.2117298,0.19101521,0.20213985,0.1835379,0.21157719
..\KneeXrayData\ClsKLData\kneeKL224\test\4\9610439R.png,4,4,0.19902126,0.18286517,0.20494673,0.19701758,0.21614924
..\KneeXrayData\ClsKLData\kneeKL224\test\4\9632586R.png,4,4,0.21016112,0.1892639,0.20289469,0.18622488,0.21145545
..\KneeXrayData\ClsKLData\kneeKL224\test\4\9669124R.png,4,4,0.21103089,0.18992427,0.20260757,0.18519732,0.2112399
..\KneeXrayData\ClsKLData\kneeKL224\test\4\9688649L.png,4,4,0.20294645,0.18566859,0.20423326,0.19216257,0.21498914
..\KneeXrayData\ClsKLData\kneeKL224\test\4\9690658R.png,4,4,0.18744469,0.1756483,0.20545498,0.21004254,0.22140948
..\KneeXrayData\ClsKLData\kneeKL224\test\4\9710479R.png,4,4,0.20841806,0.18831821,0.20325533,0.18776236,0.21224605
..\KneeXrayData\ClsKLData\kneeKL224\test\4\9711506L.png,4,4,0.18981037,0.17740348,0.20538136,0.20693779,0.220467
..\KneeXrayData\ClsKLData\kneeKL224\test\4\9719999R.png,4,0,0.21205306,0.19127928,0.20200492,0.18324369,0.21141902
..\KneeXrayData\ClsKLData\kneeKL224\test\4\9761463R.png,4,0,0.21427721,0.19466394,0.20054564,0.17776167,0.21275157
..\KneeXrayData\ClsKLData\kneeKL224\test\4\9772692L.png,4,4,0.21004489,0.18974501,0.20277324,0.18562466,0.21181218
..\KneeXrayData\ClsKLData\kneeKL224\test\4\9775951L.png,4,4,0.20974122,0.18905148,0.20304003,0.1866352,0.21153213
..\KneeXrayData\ClsKLData\kneeKL224\test\4\9778632R.png,4,4,0.19391331,0.17962487,0.20522851,0.20277625,0.2184571
..\KneeXrayData\ClsKLData\kneeKL224\test\4\9814262R.png,4,4,0.18472558,0.17428711,0.20501539,0.21296284,0.22300906
..\KneeXrayData\ClsKLData\kneeKL224\test\4\9841033R.png,4,4,0.18078956,0.17093551,0.20476972,0.21909595,0.22440925
..\KneeXrayData\ClsKLData\kneeKL224\test\4\9847541R.png,4,0,0.21176898,0.19083354,0.20218481,0.18379815,0.21141452
..\KneeXrayData\ClsKLData\kneeKL224\test\4\9886298L.png,4,0,0.21543261,0.19589418,0.20000292,0.17519367,0.2134766
..\KneeXrayData\ClsKLData\kneeKL224\test\4\9924274L.png,4,4,0.2000103,0.18406144,0.2045859,0.19554693,0.21579549
..\KneeXrayData\ClsKLData\kneeKL224\test\4\9964731L.png,4,0,0.21364734,0.19385584,0.20094386,0.17909902,0.21245396
..\KneeXrayData\ClsKLData\kneeKL224\test\4\9992318L.png,4,4,0.18997234,0.1777387,0.20549962,0.20638393,0.22040543
..\KneeXrayData\ClsKLData\kneeKL224\test\4\9996865L.png,4,4,0.19051969,0.17756233,0.20561962,0.20643647,0.21986184
